{"level":"info","message":"✅ MongoDB connected successfully","service":"nirdc-backend","timestamp":"2026-07-30 16:24:25"}
{"level":"info","message":"✅ Admin initialized","service":"nirdc-backend","timestamp":"2026-07-30 16:24:25"}
{"level":"info","message":"✅ MongoDB connected successfully","service":"nirdc-backend","timestamp":"2026-07-30 16:24:44"}
{"level":"info","message":"✅ Admin initialized","service":"nirdc-backend","timestamp":"2026-07-30 16:24:44"}
{"level":"info","message":"🚀 Server is running on port 5000","service":"nirdc-backend","timestamp":"2026-07-30 16:24:44"}
{"level":"info","message":"✅ MongoDB connected successfully","service":"nirdc-backend","timestamp":"2026-07-30 16:25:11"}
{"level":"info","message":"✅ Admin initialized","service":"nirdc-backend","timestamp":"2026-07-30 16:25:11"}
{"level":"info","message":"✅ MongoDB connected successfully","service":"nirdc-backend","timestamp":"2026-07-30 16:25:28"}
{"level":"info","message":"✅ Admin initialized","service":"nirdc-backend","timestamp":"2026-07-30 16:25:28"}
{"level":"info","message":"✅ MongoDB connected successfully","service":"nirdc-backend","timestamp":"2026-07-30 16:29:36"}
{"level":"info","message":"✅ Admin initialized","service":"nirdc-backend","timestamp":"2026-07-30 16:29:36"}
{"level":"info","message":"✅ MongoDB connected successfully","service":"nirdc-backend","timestamp":"2026-07-30 16:35:49"}
{"level":"info","message":"✅ Admin initialized","service":"nirdc-backend","timestamp":"2026-07-30 16:35:49"}
{"level":"info","message":"🚀 Server is running on port 5000","service":"nirdc-backend","timestamp":"2026-07-30 16:35:49"}
{"level":"info","message":"✅ MongoDB connected successfully","service":"nirdc-backend","timestamp":"2026-07-30 16:59:25"}
{"level":"info","message":"✅ Admin initialized","service":"nirdc-backend","timestamp":"2026-07-30 16:59:25"}
{"level":"info","message":"🚀 Server is running on port 5000","service":"nirdc-backend","timestamp":"2026-07-30 16:59:25"}
{"level":"info","message":"✅ MongoDB connected successfully","service":"nirdc-backend","timestamp":"2026-07-30 16:59:33"}
{"level":"info","message":"✅ Admin initialized","service":"nirdc-backend","timestamp":"2026-07-30 16:59:34"}
{"level":"info","message":"🚀 Server is running on port 5000","service":"nirdc-backend","timestamp":"2026-07-30 16:59:34"}
{"level":"info","message":"✅ MongoDB connected successfully","service":"nirdc-backend","timestamp":"2026-07-30 16:59:43"}
{"level":"info","message":"✅ Admin initialized","service":"nirdc-backend","timestamp":"2026-07-30 16:59:43"}
{"level":"info","message":"🚀 Server is running on port 5000","service":"nirdc-backend","timestamp":"2026-07-30 16:59:43"}
{"level":"info","message":"✅ MongoDB connected successfully","service":"nirdc-backend","timestamp":"2026-07-30 16:59:47"}
{"level":"info","message":"✅ Admin initialized","service":"nirdc-backend","timestamp":"2026-07-30 16:59:47"}
{"level":"info","message":"🚀 Server is running on port 5000","service":"nirdc-backend","timestamp":"2026-07-30 16:59:47"}
{"level":"info","message":"✅ MongoDB connected successfully","service":"nirdc-backend","timestamp":"2026-07-30 16:59:54"}
{"level":"info","message":"✅ Admin initialized","service":"nirdc-backend","timestamp":"2026-07-30 16:59:54"}
{"level":"info","message":"🚀 Server is running on port 5000","service":"nirdc-backend","timestamp":"2026-07-30 16:59:54"}
{"level":"info","message":"✅ MongoDB connected successfully","service":"nirdc-backend","timestamp":"2026-07-30 17:00:00"}
{"level":"info","message":"✅ Admin initialized","service":"nirdc-backend","timestamp":"2026-07-30 17:00:00"}
{"level":"info","message":"🚀 Server is running on port 5000","service":"nirdc-backend","timestamp":"2026-07-30 17:00:00"}
{"level":"info","message":"✅ MongoDB connected successfully","service":"nirdc-backend","timestamp":"2026-07-30 17:00:06"}
{"level":"info","message":"✅ Admin initialized","service":"nirdc-backend","timestamp":"2026-07-30 17:00:06"}
{"level":"info","message":"🚀 Server is running on port 5000","service":"nirdc-backend","timestamp":"2026-07-30 17:00:06"}
{"level":"info","message":"✅ MongoDB connected successfully","service":"nirdc-backend","timestamp":"2026-07-30 17:00:15"}
{"level":"info","message":"✅ Admin initialized","service":"nirdc-backend","timestamp":"2026-07-30 17:00:15"}
{"level":"info","message":"🚀 Server is running on port 5000","service":"nirdc-backend","timestamp":"2026-07-30 17:00:15"}
{"level":"info","message":"✅ MongoDB connected successfully","service":"nirdc-backend","timestamp":"2026-07-30 17:00:22"}
{"level":"info","message":"✅ Admin initialized","service":"nirdc-backend","timestamp":"2026-07-30 17:00:22"}
{"level":"info","message":"🚀 Server is running on port 5000","service":"nirdc-backend","timestamp":"2026-07-30 17:00:22"}
{"level":"info","message":"✅ MongoDB connected successfully","service":"nirdc-backend","timestamp":"2026-07-30 17:00:29"}
{"level":"info","message":"✅ Admin initialized","service":"nirdc-backend","timestamp":"2026-07-30 17:00:29"}
{"level":"info","message":"🚀 Server is running on port 5000","service":"nirdc-backend","timestamp":"2026-07-30 17:00:29"}
{"level":"info","message":"✅ MongoDB connected successfully","service":"nirdc-backend","timestamp":"2026-07-30 17:00:38"}
{"level":"info","message":"✅ Admin initialized","service":"nirdc-backend","timestamp":"2026-07-30 17:00:38"}
{"level":"info","message":"🚀 Server is running on port 5000","service":"nirdc-backend","timestamp":"2026-07-30 17:00:38"}
{"level":"info","message":"✅ MongoDB connected successfully","service":"nirdc-backend","timestamp":"2026-07-30 17:00:45"}
{"level":"info","message":"✅ Admin initialized","service":"nirdc-backend","timestamp":"2026-07-30 17:00:45"}
{"level":"debug","message":"🔍 Cache MISS for [news_/api/v1/news/get-all]","service":"nirdc-backend","timestamp":"2026-07-30 17:00:48"}
{"level":"debug","message":"⚡ Cache HIT for [news_/api/v1/news/get-all]","service":"nirdc-backend","timestamp":"2026-07-30 17:00:48"}
{"level":"info","message":"✅ MongoDB connected successfully","service":"nirdc-backend","timestamp":"2026-07-30 17:00:52"}
{"level":"info","message":"✅ Admin initialized","service":"nirdc-backend","timestamp":"2026-07-30 17:00:52"}
{"level":"info","message":"✅ MongoDB connected successfully","service":"nirdc-backend","timestamp":"2026-07-30 17:02:16"}
{"level":"info","message":"✅ Admin initialized","service":"nirdc-backend","timestamp":"2026-07-30 17:02:16"}
{"level":"info","message":"🚀 Server is running on port 5000","service":"nirdc-backend","timestamp":"2026-07-30 17:02:16"}
{"level":"debug","message":"🔍 Cache MISS for [homepage_/api/v1/home-page-details/get-all]","service":"nirdc-backend","timestamp":"2026-07-30 17:16:24"}
{"level":"debug","message":"🔍 Cache MISS for [news_/api/v1/news/get-all]","service":"nirdc-backend","timestamp":"2026-07-30 17:16:24"}
{"level":"debug","message":"⚡ Cache HIT for [homepage_/api/v1/home-page-details/get-all]","service":"nirdc-backend","timestamp":"2026-07-30 17:16:24"}
{"level":"debug","message":"⚡ Cache HIT for [homepage_/api/v1/home-page-details/get-all]","service":"nirdc-backend","timestamp":"2026-07-30 17:16:24"}
{"level":"debug","message":"⚡ Cache HIT for [news_/api/v1/news/get-all]","service":"nirdc-backend","timestamp":"2026-07-30 17:16:24"}
{"level":"debug","message":"⚡ Cache HIT for [homepage_/api/v1/home-page-details/get-all]","service":"nirdc-backend","timestamp":"2026-07-30 17:16:24"}
{"level":"debug","message":"⚡ Cache HIT for [homepage_/api/v1/home-page-details/get-all]","service":"nirdc-backend","timestamp":"2026-07-30 17:18:07"}
{"level":"debug","message":"⚡ Cache HIT for [homepage_/api/v1/home-page-details/get-all]","service":"nirdc-backend","timestamp":"2026-07-30 17:18:07"}
{"level":"debug","message":"⚡ Cache HIT for [news_/api/v1/news/get-all]","service":"nirdc-backend","timestamp":"2026-07-30 17:18:07"}
{"level":"debug","message":"⚡ Cache HIT for [homepage_/api/v1/home-page-details/get-all]","service":"nirdc-backend","timestamp":"2026-07-30 17:18:07"}
{"level":"debug","message":"⚡ Cache HIT for [news_/api/v1/news/get-all]","service":"nirdc-backend","timestamp":"2026-07-30 17:18:07"}
{"level":"debug","message":"⚡ Cache HIT for [homepage_/api/v1/home-page-details/get-all]","service":"nirdc-backend","timestamp":"2026-07-30 17:18:07"}
{"level":"debug","message":"🔍 Cache MISS for [homepage_/api/v1/home-page-details/get-all]","service":"nirdc-backend","timestamp":"2026-07-30 17:22:02"}
{"level":"debug","message":"🔍 Cache MISS for [news_/api/v1/news/get-all]","service":"nirdc-backend","timestamp":"2026-07-30 17:22:02"}
{"level":"debug","message":"⚡ Cache HIT for [homepage_/api/v1/home-page-details/get-all]","service":"nirdc-backend","timestamp":"2026-07-30 17:22:02"}
{"level":"debug","message":"⚡ Cache HIT for [news_/api/v1/news/get-all]","service":"nirdc-backend","timestamp":"2026-07-30 17:22:02"}
{"level":"debug","message":"⚡ Cache HIT for [homepage_/api/v1/home-page-details/get-all]","service":"nirdc-backend","timestamp":"2026-07-30 17:22:02"}
{"level":"debug","message":"⚡ Cache HIT for [homepage_/api/v1/home-page-details/get-all]","service":"nirdc-backend","timestamp":"2026-07-30 17:22:02"}
{"level":"debug","message":"⚡ Cache HIT for [homepage_/api/v1/home-page-details/get-all]","service":"nirdc-backend","timestamp":"2026-07-30 17:22:04"}
{"level":"debug","message":"⚡ Cache HIT for [news_/api/v1/news/get-all]","service":"nirdc-backend","timestamp":"2026-07-30 17:22:04"}
{"level":"debug","message":"⚡ Cache HIT for [homepage_/api/v1/home-page-details/get-all]","service":"nirdc-backend","timestamp":"2026-07-30 17:22:04"}
{"level":"debug","message":"⚡ Cache HIT for [news_/api/v1/news/get-all]","service":"nirdc-backend","timestamp":"2026-07-30 17:22:04"}
{"level":"debug","message":"⚡ Cache HIT for [homepage_/api/v1/home-page-details/get-all]","service":"nirdc-backend","timestamp":"2026-07-30 17:22:04"}
{"level":"debug","message":"⚡ Cache HIT for [homepage_/api/v1/home-page-details/get-all]","service":"nirdc-backend","timestamp":"2026-07-30 17:22:04"}
{"level":"debug","message":"🔍 Cache MISS for [homepage_/api/v1/home-page-details/get-all]","service":"nirdc-backend","timestamp":"2026-07-30 17:28:19"}
{"level":"debug","message":"🔍 Cache MISS for [news_/api/v1/news/get-all]","service":"nirdc-backend","timestamp":"2026-07-30 17:28:19"}
{"level":"debug","message":"⚡ Cache HIT for [homepage_/api/v1/home-page-details/get-all]","service":"nirdc-backend","timestamp":"2026-07-30 17:28:19"}
{"level":"debug","message":"⚡ Cache HIT for [news_/api/v1/news/get-all]","service":"nirdc-backend","timestamp":"2026-07-30 17:28:19"}
{"level":"debug","message":"⚡ Cache HIT for [homepage_/api/v1/home-page-details/get-all]","service":"nirdc-backend","timestamp":"2026-07-30 17:28:19"}
{"level":"debug","message":"⚡ Cache HIT for [homepage_/api/v1/home-page-details/get-all]","service":"nirdc-backend","timestamp":"2026-07-30 17:28:19"}
{"level":"debug","message":"⚡ Cache HIT for [homepage_/api/v1/home-page-details/get-all]","service":"nirdc-backend","timestamp":"2026-07-30 17:28:24"}
{"level":"debug","message":"⚡ Cache HIT for [news_/api/v1/news/get-all]","service":"nirdc-backend","timestamp":"2026-07-30 17:28:24"}
{"level":"debug","message":"⚡ Cache HIT for [homepage_/api/v1/home-page-details/get-all]","service":"nirdc-backend","timestamp":"2026-07-30 17:28:24"}
{"level":"debug","message":"⚡ Cache HIT for [news_/api/v1/news/get-all]","service":"nirdc-backend","timestamp":"2026-07-30 17:28:24"}
{"level":"debug","message":"⚡ Cache HIT for [homepage_/api/v1/home-page-details/get-all]","service":"nirdc-backend","timestamp":"2026-07-30 17:28:24"}
{"level":"debug","message":"⚡ Cache HIT for [homepage_/api/v1/home-page-details/get-all]","service":"nirdc-backend","timestamp":"2026-07-30 17:28:24"}
{"level":"debug","message":"⚡ Cache HIT for [homepage_/api/v1/home-page-details/get-all]","service":"nirdc-backend","timestamp":"2026-07-30 17:28:30"}
{"level":"debug","message":"⚡ Cache HIT for [news_/api/v1/news/get-all]","service":"nirdc-backend","timestamp":"2026-07-30 17:28:30"}
{"level":"debug","message":"⚡ Cache HIT for [homepage_/api/v1/home-page-details/get-all]","service":"nirdc-backend","timestamp":"2026-07-30 17:28:30"}
{"level":"debug","message":"⚡ Cache HIT for [news_/api/v1/news/get-all]","service":"nirdc-backend","timestamp":"2026-07-30 17:28:30"}
{"level":"debug","message":"⚡ Cache HIT for [homepage_/api/v1/home-page-details/get-all]","service":"nirdc-backend","timestamp":"2026-07-30 17:28:30"}
{"level":"debug","message":"⚡ Cache HIT for [homepage_/api/v1/home-page-details/get-all]","service":"nirdc-backend","timestamp":"2026-07-30 17:28:30"}
{"level":"debug","message":"⚡ Cache HIT for [homepage_/api/v1/home-page-details/get-all]","service":"nirdc-backend","timestamp":"2026-07-30 17:28:35"}
{"level":"debug","message":"⚡ Cache HIT for [news_/api/v1/news/get-all]","service":"nirdc-backend","timestamp":"2026-07-30 17:28:35"}
{"level":"debug","message":"⚡ Cache HIT for [homepage_/api/v1/home-page-details/get-all]","service":"nirdc-backend","timestamp":"2026-07-30 17:28:35"}
{"level":"debug","message":"⚡ Cache HIT for [news_/api/v1/news/get-all]","service":"nirdc-backend","timestamp":"2026-07-30 17:28:35"}
{"level":"debug","message":"⚡ Cache HIT for [homepage_/api/v1/home-page-details/get-all]","service":"nirdc-backend","timestamp":"2026-07-30 17:28:35"}
{"level":"debug","message":"⚡ Cache HIT for [homepage_/api/v1/home-page-details/get-all]","service":"nirdc-backend","timestamp":"2026-07-30 17:28:35"}
{"level":"debug","message":"⚡ Cache HIT for [homepage_/api/v1/home-page-details/get-all]","service":"nirdc-backend","timestamp":"2026-07-30 17:28:40"}
{"level":"debug","message":"⚡ Cache HIT for [news_/api/v1/news/get-all]","service":"nirdc-backend","timestamp":"2026-07-30 17:28:40"}
{"level":"debug","message":"⚡ Cache HIT for [homepage_/api/v1/home-page-details/get-all]","service":"nirdc-backend","timestamp":"2026-07-30 17:28:40"}
{"level":"debug","message":"⚡ Cache HIT for [news_/api/v1/news/get-all]","service":"nirdc-backend","timestamp":"2026-07-30 17:28:40"}
{"level":"debug","message":"⚡ Cache HIT for [homepage_/api/v1/home-page-details/get-all]","service":"nirdc-backend","timestamp":"2026-07-30 17:28:40"}
{"level":"debug","message":"⚡ Cache HIT for [homepage_/api/v1/home-page-details/get-all]","service":"nirdc-backend","timestamp":"2026-07-30 17:28:40"}
{"level":"debug","message":"⚡ Cache HIT for [homepage_/api/v1/home-page-details/get-all]","service":"nirdc-backend","timestamp":"2026-07-30 17:28:46"}
{"level":"debug","message":"⚡ Cache HIT for [news_/api/v1/news/get-all]","service":"nirdc-backend","timestamp":"2026-07-30 17:28:46"}
{"level":"debug","message":"⚡ Cache HIT for [homepage_/api/v1/home-page-details/get-all]","service":"nirdc-backend","timestamp":"2026-07-30 17:28:46"}
{"level":"debug","message":"⚡ Cache HIT for [news_/api/v1/news/get-all]","service":"nirdc-backend","timestamp":"2026-07-30 17:28:46"}
{"level":"debug","message":"⚡ Cache HIT for [homepage_/api/v1/home-page-details/get-all]","service":"nirdc-backend","timestamp":"2026-07-30 17:28:46"}
{"level":"debug","message":"⚡ Cache HIT for [homepage_/api/v1/home-page-details/get-all]","service":"nirdc-backend","timestamp":"2026-07-30 17:28:46"}
{"level":"debug","message":"⚡ Cache HIT for [homepage_/api/v1/home-page-details/get-all]","service":"nirdc-backend","timestamp":"2026-07-30 17:29:28"}
{"level":"debug","message":"⚡ Cache HIT for [news_/api/v1/news/get-all]","service":"nirdc-backend","timestamp":"2026-07-30 17:29:28"}
{"level":"debug","message":"⚡ Cache HIT for [homepage_/api/v1/home-page-details/get-all]","service":"nirdc-backend","timestamp":"2026-07-30 17:29:28"}
{"level":"debug","message":"⚡ Cache HIT for [news_/api/v1/news/get-all]","service":"nirdc-backend","timestamp":"2026-07-30 17:29:28"}
{"level":"debug","message":"⚡ Cache HIT for [homepage_/api/v1/home-page-details/get-all]","service":"nirdc-backend","timestamp":"2026-07-30 17:29:28"}
{"level":"debug","message":"⚡ Cache HIT for [homepage_/api/v1/home-page-details/get-all]","service":"nirdc-backend","timestamp":"2026-07-30 17:29:28"}
{"level":"debug","message":"⚡ Cache HIT for [homepage_/api/v1/home-page-details/get-all]","service":"nirdc-backend","timestamp":"2026-07-30 17:29:31"}
{"level":"debug","message":"⚡ Cache HIT for [news_/api/v1/news/get-all]","service":"nirdc-backend","timestamp":"2026-07-30 17:29:31"}
{"level":"debug","message":"⚡ Cache HIT for [homepage_/api/v1/home-page-details/get-all]","service":"nirdc-backend","timestamp":"2026-07-30 17:29:31"}
{"level":"debug","message":"⚡ Cache HIT for [news_/api/v1/news/get-all]","service":"nirdc-backend","timestamp":"2026-07-30 17:29:31"}
{"level":"debug","message":"⚡ Cache HIT for [homepage_/api/v1/home-page-details/get-all]","service":"nirdc-backend","timestamp":"2026-07-30 17:29:31"}
{"level":"debug","message":"⚡ Cache HIT for [homepage_/api/v1/home-page-details/get-all]","service":"nirdc-backend","timestamp":"2026-07-30 17:29:31"}
{"level":"debug","message":"⚡ Cache HIT for [homepage_/api/v1/home-page-details/get-all]","service":"nirdc-backend","timestamp":"2026-07-30 17:29:35"}
{"level":"debug","message":"⚡ Cache HIT for [news_/api/v1/news/get-all]","service":"nirdc-backend","timestamp":"2026-07-30 17:29:35"}
{"level":"debug","message":"⚡ Cache HIT for [homepage_/api/v1/home-page-details/get-all]","service":"nirdc-backend","timestamp":"2026-07-30 17:29:35"}
{"level":"debug","message":"⚡ Cache HIT for [news_/api/v1/news/get-all]","service":"nirdc-backend","timestamp":"2026-07-30 17:29:35"}
{"level":"debug","message":"⚡ Cache HIT for [homepage_/api/v1/home-page-details/get-all]","service":"nirdc-backend","timestamp":"2026-07-30 17:29:35"}
{"level":"debug","message":"⚡ Cache HIT for [homepage_/api/v1/home-page-details/get-all]","service":"nirdc-backend","timestamp":"2026-07-30 17:29:35"}
{"level":"debug","message":"🔍 Cache MISS for [homepage_/api/v1/home-page-details/get-all]","service":"nirdc-backend","timestamp":"2026-07-30 17:38:10"}
{"level":"debug","message":"🔍 Cache MISS for [news_/api/v1/news/get-all]","service":"nirdc-backend","timestamp":"2026-07-30 17:38:10"}
{"level":"debug","message":"⚡ Cache HIT for [homepage_/api/v1/home-page-details/get-all]","service":"nirdc-backend","timestamp":"2026-07-30 17:38:10"}
{"level":"debug","message":"⚡ Cache HIT for [news_/api/v1/news/get-all]","service":"nirdc-backend","timestamp":"2026-07-30 17:38:10"}
{"level":"debug","message":"⚡ Cache HIT for [homepage_/api/v1/home-page-details/get-all]","service":"nirdc-backend","timestamp":"2026-07-30 17:38:10"}
{"level":"debug","message":"⚡ Cache HIT for [homepage_/api/v1/home-page-details/get-all]","service":"nirdc-backend","timestamp":"2026-07-30 17:38:10"}
{"level":"debug","message":"⚡ Cache HIT for [homepage_/api/v1/home-page-details/get-all]","service":"nirdc-backend","timestamp":"2026-07-30 17:38:18"}
{"level":"debug","message":"⚡ Cache HIT for [news_/api/v1/news/get-all]","service":"nirdc-backend","timestamp":"2026-07-30 17:38:18"}
{"level":"debug","message":"⚡ Cache HIT for [homepage_/api/v1/home-page-details/get-all]","service":"nirdc-backend","timestamp":"2026-07-30 17:38:18"}
{"level":"debug","message":"⚡ Cache HIT for [news_/api/v1/news/get-all]","service":"nirdc-backend","timestamp":"2026-07-30 17:38:18"}
{"level":"debug","message":"⚡ Cache HIT for [homepage_/api/v1/home-page-details/get-all]","service":"nirdc-backend","timestamp":"2026-07-30 17:38:18"}
{"level":"debug","message":"⚡ Cache HIT for [homepage_/api/v1/home-page-details/get-all]","service":"nirdc-backend","timestamp":"2026-07-30 17:38:18"}
{"level":"debug","message":"⚡ Cache HIT for [homepage_/api/v1/home-page-details/get-all]","service":"nirdc-backend","timestamp":"2026-07-30 17:38:24"}
{"level":"debug","message":"⚡ Cache HIT for [news_/api/v1/news/get-all]","service":"nirdc-backend","timestamp":"2026-07-30 17:38:24"}
{"level":"debug","message":"⚡ Cache HIT for [homepage_/api/v1/home-page-details/get-all]","service":"nirdc-backend","timestamp":"2026-07-30 17:38:24"}
{"level":"debug","message":"⚡ Cache HIT for [news_/api/v1/news/get-all]","service":"nirdc-backend","timestamp":"2026-07-30 17:38:24"}
{"level":"debug","message":"⚡ Cache HIT for [homepage_/api/v1/home-page-details/get-all]","service":"nirdc-backend","timestamp":"2026-07-30 17:38:24"}
{"level":"debug","message":"⚡ Cache HIT for [homepage_/api/v1/home-page-details/get-all]","service":"nirdc-backend","timestamp":"2026-07-30 17:38:24"}
{"level":"debug","message":"⚡ Cache HIT for [homepage_/api/v1/home-page-details/get-all]","service":"nirdc-backend","timestamp":"2026-07-30 17:38:42"}
{"level":"debug","message":"⚡ Cache HIT for [news_/api/v1/news/get-all]","service":"nirdc-backend","timestamp":"2026-07-30 17:38:42"}
{"level":"debug","message":"⚡ Cache HIT for [homepage_/api/v1/home-page-details/get-all]","service":"nirdc-backend","timestamp":"2026-07-30 17:38:42"}
{"level":"debug","message":"⚡ Cache HIT for [news_/api/v1/news/get-all]","service":"nirdc-backend","timestamp":"2026-07-30 17:38:42"}
{"level":"debug","message":"⚡ Cache HIT for [homepage_/api/v1/home-page-details/get-all]","service":"nirdc-backend","timestamp":"2026-07-30 17:38:42"}
{"level":"debug","message":"⚡ Cache HIT for [homepage_/api/v1/home-page-details/get-all]","service":"nirdc-backend","timestamp":"2026-07-30 17:38:42"}
{"level":"debug","message":"⚡ Cache HIT for [homepage_/api/v1/home-page-details/get-all]","service":"nirdc-backend","timestamp":"2026-07-30 17:39:38"}
{"level":"debug","message":"⚡ Cache HIT for [news_/api/v1/news/get-all]","service":"nirdc-backend","timestamp":"2026-07-30 17:39:38"}
{"level":"debug","message":"⚡ Cache HIT for [homepage_/api/v1/home-page-details/get-all]","service":"nirdc-backend","timestamp":"2026-07-30 17:39:38"}
{"level":"debug","message":"⚡ Cache HIT for [news_/api/v1/news/get-all]","service":"nirdc-backend","timestamp":"2026-07-30 17:39:38"}
{"level":"debug","message":"⚡ Cache HIT for [homepage_/api/v1/home-page-details/get-all]","service":"nirdc-backend","timestamp":"2026-07-30 17:39:38"}
{"level":"debug","message":"⚡ Cache HIT for [homepage_/api/v1/home-page-details/get-all]","service":"nirdc-backend","timestamp":"2026-07-30 17:39:38"}
{"level":"debug","message":"🔍 Cache MISS for [homepage_/api/v1/home-page-details/get-all]","service":"nirdc-backend","timestamp":"2026-07-30 17:52:25"}
{"level":"debug","message":"⚡ Cache HIT for [homepage_/api/v1/home-page-details/get-all]","service":"nirdc-backend","timestamp":"2026-07-30 17:52:25"}
{"level":"debug","message":"⚡ Cache HIT for [homepage_/api/v1/home-page-details/get-all]","service":"nirdc-backend","timestamp":"2026-07-30 17:52:25"}
{"level":"debug","message":"⚡ Cache HIT for [homepage_/api/v1/home-page-details/get-all]","service":"nirdc-backend","timestamp":"2026-07-30 17:52:25"}
{"level":"debug","message":"🔍 Cache MISS for [news_/api/v1/news/get-all]","service":"nirdc-backend","timestamp":"2026-07-30 17:52:25"}
{"level":"debug","message":"⚡ Cache HIT for [news_/api/v1/news/get-all]","service":"nirdc-backend","timestamp":"2026-07-30 17:52:25"}
{"level":"debug","message":"🔍 Cache MISS for [homepage_/api/v1/home-page-details/get-all]","service":"nirdc-backend","timestamp":"2026-07-30 18:19:37"}
{"level":"debug","message":"🔍 Cache MISS for [news_/api/v1/news/get-all]","service":"nirdc-backend","timestamp":"2026-07-30 18:19:37"}
{"level":"debug","message":"⚡ Cache HIT for [homepage_/api/v1/home-page-details/get-all]","service":"nirdc-backend","timestamp":"2026-07-30 18:19:37"}
{"level":"debug","message":"⚡ Cache HIT for [news_/api/v1/news/get-all]","service":"nirdc-backend","timestamp":"2026-07-30 18:19:37"}
{"level":"debug","message":"⚡ Cache HIT for [homepage_/api/v1/home-page-details/get-all]","service":"nirdc-backend","timestamp":"2026-07-30 18:19:37"}
{"level":"debug","message":"⚡ Cache HIT for [homepage_/api/v1/home-page-details/get-all]","service":"nirdc-backend","timestamp":"2026-07-30 18:19:37"}
{"level":"debug","message":"🔍 Cache MISS for [homepage_/api/v1/home-page-details/get-all]","service":"nirdc-backend","timestamp":"2026-07-30 18:33:54"}
{"level":"debug","message":"🔍 Cache MISS for [news_/api/v1/news/get-all]","service":"nirdc-backend","timestamp":"2026-07-30 18:33:54"}
{"level":"debug","message":"⚡ Cache HIT for [homepage_/api/v1/home-page-details/get-all]","service":"nirdc-backend","timestamp":"2026-07-30 18:33:54"}
{"level":"debug","message":"⚡ Cache HIT for [news_/api/v1/news/get-all]","service":"nirdc-backend","timestamp":"2026-07-30 18:33:54"}
{"level":"debug","message":"⚡ Cache HIT for [homepage_/api/v1/home-page-details/get-all]","service":"nirdc-backend","timestamp":"2026-07-30 18:33:54"}
{"level":"debug","message":"⚡ Cache HIT for [homepage_/api/v1/home-page-details/get-all]","service":"nirdc-backend","timestamp":"2026-07-30 18:33:54"}
{"level":"debug","message":"⚡ Cache HIT for [homepage_/api/v1/home-page-details/get-all]","service":"nirdc-backend","timestamp":"2026-07-30 18:34:25"}
{"level":"debug","message":"⚡ Cache HIT for [news_/api/v1/news/get-all]","service":"nirdc-backend","timestamp":"2026-07-30 18:34:25"}
{"level":"debug","message":"⚡ Cache HIT for [homepage_/api/v1/home-page-details/get-all]","service":"nirdc-backend","timestamp":"2026-07-30 18:34:25"}
{"level":"debug","message":"⚡ Cache HIT for [news_/api/v1/news/get-all]","service":"nirdc-backend","timestamp":"2026-07-30 18:34:25"}
{"level":"debug","message":"⚡ Cache HIT for [homepage_/api/v1/home-page-details/get-all]","service":"nirdc-backend","timestamp":"2026-07-30 18:34:25"}
{"level":"debug","message":"⚡ Cache HIT for [homepage_/api/v1/home-page-details/get-all]","service":"nirdc-backend","timestamp":"2026-07-30 18:34:25"}
{"level":"debug","message":"⚡ Cache HIT for [homepage_/api/v1/home-page-details/get-all]","service":"nirdc-backend","timestamp":"2026-07-30 18:35:08"}
{"level":"debug","message":"⚡ Cache HIT for [news_/api/v1/news/get-all]","service":"nirdc-backend","timestamp":"2026-07-30 18:35:08"}
{"level":"debug","message":"⚡ Cache HIT for [homepage_/api/v1/home-page-details/get-all]","service":"nirdc-backend","timestamp":"2026-07-30 18:35:08"}
{"level":"debug","message":"⚡ Cache HIT for [news_/api/v1/news/get-all]","service":"nirdc-backend","timestamp":"2026-07-30 18:35:08"}
{"level":"debug","message":"⚡ Cache HIT for [homepage_/api/v1/home-page-details/get-all]","service":"nirdc-backend","timestamp":"2026-07-30 18:35:08"}
{"level":"debug","message":"⚡ Cache HIT for [homepage_/api/v1/home-page-details/get-all]","service":"nirdc-backend","timestamp":"2026-07-30 18:35:08"}
{"level":"debug","message":"🔍 Cache MISS for [announcements_/api/v1/announcements/get-all]","service":"nirdc-backend","timestamp":"2026-07-30 18:35:12"}
{"level":"debug","message":"⚡ Cache HIT for [announcements_/api/v1/announcements/get-all]","service":"nirdc-backend","timestamp":"2026-07-30 18:35:12"}
{"level":"debug","message":"⚡ Cache HIT for [news_/api/v1/news/get-all]","service":"nirdc-backend","timestamp":"2026-07-30 18:35:14"}
{"level":"debug","message":"⚡ Cache HIT for [news_/api/v1/news/get-all]","service":"nirdc-backend","timestamp":"2026-07-30 18:35:14"}
{"level":"debug","message":"🔍 Cache MISS for [blogs_/api/v1/blogs/get-all]","service":"nirdc-backend","timestamp":"2026-07-30 18:35:16"}
{"level":"debug","message":"⚡ Cache HIT for [blogs_/api/v1/blogs/get-all]","service":"nirdc-backend","timestamp":"2026-07-30 18:35:16"}
{"level":"debug","message":"⚡ Cache HIT for [homepage_/api/v1/home-page-details/get-all]","service":"nirdc-backend","timestamp":"2026-07-30 18:35:16"}
{"level":"debug","message":"⚡ Cache HIT for [news_/api/v1/news/get-all]","service":"nirdc-backend","timestamp":"2026-07-30 18:35:16"}
{"level":"debug","message":"⚡ Cache HIT for [homepage_/api/v1/home-page-details/get-all]","service":"nirdc-backend","timestamp":"2026-07-30 18:35:16"}
{"level":"debug","message":"⚡ Cache HIT for [news_/api/v1/news/get-all]","service":"nirdc-backend","timestamp":"2026-07-30 18:35:16"}
{"level":"debug","message":"⚡ Cache HIT for [homepage_/api/v1/home-page-details/get-all]","service":"nirdc-backend","timestamp":"2026-07-30 18:35:16"}
{"level":"debug","message":"⚡ Cache HIT for [homepage_/api/v1/home-page-details/get-all]","service":"nirdc-backend","timestamp":"2026-07-30 18:35:16"}
{"level":"debug","message":"⚡ Cache HIT for [homepage_/api/v1/home-page-details/get-all]","service":"nirdc-backend","timestamp":"2026-07-30 18:35:22"}
{"level":"debug","message":"⚡ Cache HIT for [news_/api/v1/news/get-all]","service":"nirdc-backend","timestamp":"2026-07-30 18:35:22"}
{"level":"debug","message":"⚡ Cache HIT for [homepage_/api/v1/home-page-details/get-all]","service":"nirdc-backend","timestamp":"2026-07-30 18:35:22"}
{"level":"debug","message":"⚡ Cache HIT for [news_/api/v1/news/get-all]","service":"nirdc-backend","timestamp":"2026-07-30 18:35:22"}
{"level":"debug","message":"⚡ Cache HIT for [homepage_/api/v1/home-page-details/get-all]","service":"nirdc-backend","timestamp":"2026-07-30 18:35:22"}
{"level":"debug","message":"⚡ Cache HIT for [homepage_/api/v1/home-page-details/get-all]","service":"nirdc-backend","timestamp":"2026-07-30 18:35:22"}
{"level":"info","message":"✅ MongoDB connected successfully","service":"nirdc-backend","timestamp":"2026-08-07 09:53:29"}
{"level":"info","message":"✅ Admin initialized","service":"nirdc-backend","timestamp":"2026-08-07 09:53:29"}
{"level":"info","message":"🚀 Server is running on port 5000","service":"nirdc-backend","timestamp":"2026-08-07 09:53:29"}
{"level":"debug","message":"🔍 Cache MISS for [homepage_/api/v1/home-page-details/get-all]","service":"nirdc-backend","timestamp":"2026-08-07 09:54:16"}
{"level":"debug","message":"🔍 Cache MISS for [news_/api/v1/news/get-all]","service":"nirdc-backend","timestamp":"2026-08-07 09:54:16"}
{"level":"debug","message":"⚡ Cache HIT for [homepage_/api/v1/home-page-details/get-all]","service":"nirdc-backend","timestamp":"2026-08-07 09:54:16"}
{"level":"debug","message":"⚡ Cache HIT for [news_/api/v1/news/get-all]","service":"nirdc-backend","timestamp":"2026-08-07 09:54:16"}
{"level":"debug","message":"⚡ Cache HIT for [homepage_/api/v1/home-page-details/get-all]","service":"nirdc-backend","timestamp":"2026-08-07 09:54:16"}
{"level":"debug","message":"⚡ Cache HIT for [homepage_/api/v1/home-page-details/get-all]","service":"nirdc-backend","timestamp":"2026-08-07 09:54:16"}
{"level":"debug","message":"🔍 Cache MISS for [homepage_/api/v1/home-page-details/get-all]","service":"nirdc-backend","timestamp":"2026-08-07 10:36:25"}
{"level":"debug","message":"🔍 Cache MISS for [news_/api/v1/news/get-all]","service":"nirdc-backend","timestamp":"2026-08-07 10:36:25"}
{"level":"debug","message":"⚡ Cache HIT for [homepage_/api/v1/home-page-details/get-all]","service":"nirdc-backend","timestamp":"2026-08-07 10:36:25"}
{"level":"debug","message":"⚡ Cache HIT for [news_/api/v1/news/get-all]","service":"nirdc-backend","timestamp":"2026-08-07 10:36:25"}
{"level":"debug","message":"⚡ Cache HIT for [homepage_/api/v1/home-page-details/get-all]","service":"nirdc-backend","timestamp":"2026-08-07 10:36:25"}
{"level":"debug","message":"⚡ Cache HIT for [homepage_/api/v1/home-page-details/get-all]","service":"nirdc-backend","timestamp":"2026-08-07 10:36:25"}
{"level":"debug","message":"⚡ Cache HIT for [homepage_/api/v1/home-page-details/get-all]","service":"nirdc-backend","timestamp":"2026-08-07 10:36:43"}
{"level":"debug","message":"⚡ Cache HIT for [news_/api/v1/news/get-all]","service":"nirdc-backend","timestamp":"2026-08-07 10:36:43"}
{"level":"debug","message":"⚡ Cache HIT for [homepage_/api/v1/home-page-details/get-all]","service":"nirdc-backend","timestamp":"2026-08-07 10:36:43"}
{"level":"debug","message":"⚡ Cache HIT for [news_/api/v1/news/get-all]","service":"nirdc-backend","timestamp":"2026-08-07 10:36:43"}
{"level":"debug","message":"⚡ Cache HIT for [homepage_/api/v1/home-page-details/get-all]","service":"nirdc-backend","timestamp":"2026-08-07 10:36:43"}
{"level":"debug","message":"⚡ Cache HIT for [homepage_/api/v1/home-page-details/get-all]","service":"nirdc-backend","timestamp":"2026-08-07 10:36:43"}
{"level":"debug","message":"⚡ Cache HIT for [homepage_/api/v1/home-page-details/get-all]","service":"nirdc-backend","timestamp":"2026-08-07 10:38:42"}
{"level":"debug","message":"⚡ Cache HIT for [news_/api/v1/news/get-all]","service":"nirdc-backend","timestamp":"2026-08-07 10:38:42"}
{"level":"debug","message":"⚡ Cache HIT for [homepage_/api/v1/home-page-details/get-all]","service":"nirdc-backend","timestamp":"2026-08-07 10:38:42"}
{"level":"debug","message":"⚡ Cache HIT for [news_/api/v1/news/get-all]","service":"nirdc-backend","timestamp":"2026-08-07 10:38:42"}
{"level":"debug","message":"⚡ Cache HIT for [homepage_/api/v1/home-page-details/get-all]","service":"nirdc-backend","timestamp":"2026-08-07 10:38:42"}
{"level":"debug","message":"⚡ Cache HIT for [homepage_/api/v1/home-page-details/get-all]","service":"nirdc-backend","timestamp":"2026-08-07 10:38:42"}
{"level":"debug","message":"⚡ Cache HIT for [homepage_/api/v1/home-page-details/get-all]","service":"nirdc-backend","timestamp":"2026-08-07 10:38:50"}
{"level":"debug","message":"⚡ Cache HIT for [news_/api/v1/news/get-all]","service":"nirdc-backend","timestamp":"2026-08-07 10:38:50"}
{"level":"debug","message":"⚡ Cache HIT for [homepage_/api/v1/home-page-details/get-all]","service":"nirdc-backend","timestamp":"2026-08-07 10:38:50"}
{"level":"debug","message":"⚡ Cache HIT for [news_/api/v1/news/get-all]","service":"nirdc-backend","timestamp":"2026-08-07 10:38:50"}
{"level":"debug","message":"⚡ Cache HIT for [homepage_/api/v1/home-page-details/get-all]","service":"nirdc-backend","timestamp":"2026-08-07 10:38:50"}
{"level":"debug","message":"⚡ Cache HIT for [homepage_/api/v1/home-page-details/get-all]","service":"nirdc-backend","timestamp":"2026-08-07 10:38:50"}
{"level":"debug","message":"⚡ Cache HIT for [homepage_/api/v1/home-page-details/get-all]","service":"nirdc-backend","timestamp":"2026-08-07 10:38:52"}
{"level":"debug","message":"⚡ Cache HIT for [news_/api/v1/news/get-all]","service":"nirdc-backend","timestamp":"2026-08-07 10:38:52"}
{"level":"debug","message":"⚡ Cache HIT for [homepage_/api/v1/home-page-details/get-all]","service":"nirdc-backend","timestamp":"2026-08-07 10:38:52"}
{"level":"debug","message":"⚡ Cache HIT for [news_/api/v1/news/get-all]","service":"nirdc-backend","timestamp":"2026-08-07 10:38:52"}
{"level":"debug","message":"⚡ Cache HIT for [homepage_/api/v1/home-page-details/get-all]","service":"nirdc-backend","timestamp":"2026-08-07 10:38:52"}
{"level":"debug","message":"⚡ Cache HIT for [homepage_/api/v1/home-page-details/get-all]","service":"nirdc-backend","timestamp":"2026-08-07 10:38:52"}
{"level":"debug","message":"🔍 Cache MISS for [homepage_/api/v1/home-page-details/get-all]","service":"nirdc-backend","timestamp":"2026-08-07 10:42:32"}
{"level":"debug","message":"🔍 Cache MISS for [news_/api/v1/news/get-all]","service":"nirdc-backend","timestamp":"2026-08-07 10:42:32"}
{"level":"debug","message":"⚡ Cache HIT for [homepage_/api/v1/home-page-details/get-all]","service":"nirdc-backend","timestamp":"2026-08-07 10:42:32"}
{"level":"debug","message":"⚡ Cache HIT for [news_/api/v1/news/get-all]","service":"nirdc-backend","timestamp":"2026-08-07 10:42:32"}
{"level":"debug","message":"⚡ Cache HIT for [homepage_/api/v1/home-page-details/get-all]","service":"nirdc-backend","timestamp":"2026-08-07 10:42:32"}
{"level":"debug","message":"⚡ Cache HIT for [homepage_/api/v1/home-page-details/get-all]","service":"nirdc-backend","timestamp":"2026-08-07 10:42:32"}
{"level":"debug","message":"⚡ Cache HIT for [news_/api/v1/news/get-all]","service":"nirdc-backend","timestamp":"2026-08-07 10:44:11"}
{"level":"debug","message":"⚡ Cache HIT for [homepage_/api/v1/home-page-details/get-all]","service":"nirdc-backend","timestamp":"2026-08-07 10:44:11"}
{"level":"debug","message":"⚡ Cache HIT for [news_/api/v1/news/get-all]","service":"nirdc-backend","timestamp":"2026-08-07 10:44:11"}
{"level":"debug","message":"⚡ Cache HIT for [homepage_/api/v1/home-page-details/get-all]","service":"nirdc-backend","timestamp":"2026-08-07 10:44:11"}
{"level":"debug","message":"⚡ Cache HIT for [homepage_/api/v1/home-page-details/get-all]","service":"nirdc-backend","timestamp":"2026-08-07 10:44:11"}
{"level":"debug","message":"⚡ Cache HIT for [homepage_/api/v1/home-page-details/get-all]","service":"nirdc-backend","timestamp":"2026-08-07 10:44:11"}
{"level":"debug","message":"⚡ Cache HIT for [news_/api/v1/news/get-all]","service":"nirdc-backend","timestamp":"2026-08-07 10:44:23"}
{"level":"debug","message":"⚡ Cache HIT for [news_/api/v1/news/get-all]","service":"nirdc-backend","timestamp":"2026-08-07 10:44:23"}
{"level":"debug","message":"⚡ Cache HIT for [homepage_/api/v1/home-page-details/get-all]","service":"nirdc-backend","timestamp":"2026-08-07 10:45:27"}
{"level":"debug","message":"⚡ Cache HIT for [news_/api/v1/news/get-all]","service":"nirdc-backend","timestamp":"2026-08-07 10:45:27"}
{"level":"debug","message":"⚡ Cache HIT for [homepage_/api/v1/home-page-details/get-all]","service":"nirdc-backend","timestamp":"2026-08-07 10:45:27"}
{"level":"debug","message":"⚡ Cache HIT for [news_/api/v1/news/get-all]","service":"nirdc-backend","timestamp":"2026-08-07 10:45:27"}
{"level":"debug","message":"⚡ Cache HIT for [homepage_/api/v1/home-page-details/get-all]","service":"nirdc-backend","timestamp":"2026-08-07 10:45:52"}
{"level":"debug","message":"⚡ Cache HIT for [homepage_/api/v1/home-page-details/get-all]","service":"nirdc-backend","timestamp":"2026-08-07 10:45:52"}
{"level":"debug","message":"⚡ Cache HIT for [homepage_/api/v1/home-page-details/get-all]","service":"nirdc-backend","timestamp":"2026-08-07 10:46:16"}
{"level":"debug","message":"⚡ Cache HIT for [news_/api/v1/news/get-all]","service":"nirdc-backend","timestamp":"2026-08-07 10:46:16"}
{"level":"debug","message":"⚡ Cache HIT for [homepage_/api/v1/home-page-details/get-all]","service":"nirdc-backend","timestamp":"2026-08-07 10:46:16"}
{"level":"debug","message":"⚡ Cache HIT for [news_/api/v1/news/get-all]","service":"nirdc-backend","timestamp":"2026-08-07 10:46:16"}
{"level":"debug","message":"⚡ Cache HIT for [news_/api/v1/news/get-all]","service":"nirdc-backend","timestamp":"2026-08-07 10:46:22"}
{"level":"debug","message":"⚡ Cache HIT for [news_/api/v1/news/get-all]","service":"nirdc-backend","timestamp":"2026-08-07 10:46:22"}
{"level":"debug","message":"🔍 Cache MISS for [announcements_/api/v1/announcements/get-all]","service":"nirdc-backend","timestamp":"2026-08-07 10:46:25"}
{"level":"debug","message":"⚡ Cache HIT for [announcements_/api/v1/announcements/get-all]","service":"nirdc-backend","timestamp":"2026-08-07 10:46:25"}
{"level":"debug","message":"⚡ Cache HIT for [homepage_/api/v1/home-page-details/get-all]","service":"nirdc-backend","timestamp":"2026-08-07 10:46:32"}
{"level":"debug","message":"⚡ Cache HIT for [homepage_/api/v1/home-page-details/get-all]","service":"nirdc-backend","timestamp":"2026-08-07 10:46:32"}
{"level":"debug","message":"🔍 Cache MISS for [homepage_/api/v1/home-page-details/get-all]","service":"nirdc-backend","timestamp":"2026-08-07 10:48:54"}
{"level":"debug","message":"🔍 Cache MISS for [news_/api/v1/news/get-all]","service":"nirdc-backend","timestamp":"2026-08-07 10:48:54"}
{"level":"debug","message":"⚡ Cache HIT for [homepage_/api/v1/home-page-details/get-all]","service":"nirdc-backend","timestamp":"2026-08-07 10:48:54"}
{"level":"debug","message":"⚡ Cache HIT for [news_/api/v1/news/get-all]","service":"nirdc-backend","timestamp":"2026-08-07 10:48:54"}
{"level":"debug","message":"⚡ Cache HIT for [homepage_/api/v1/home-page-details/get-all]","service":"nirdc-backend","timestamp":"2026-08-07 10:48:58"}
{"level":"debug","message":"⚡ Cache HIT for [homepage_/api/v1/home-page-details/get-all]","service":"nirdc-backend","timestamp":"2026-08-07 10:48:58"}
{"level":"debug","message":"⚡ Cache HIT for [homepage_/api/v1/home-page-details/get-all]","service":"nirdc-backend","timestamp":"2026-08-07 10:49:08"}
{"level":"debug","message":"⚡ Cache HIT for [news_/api/v1/news/get-all]","service":"nirdc-backend","timestamp":"2026-08-07 10:49:08"}
{"level":"debug","message":"⚡ Cache HIT for [homepage_/api/v1/home-page-details/get-all]","service":"nirdc-backend","timestamp":"2026-08-07 10:49:08"}
{"level":"debug","message":"⚡ Cache HIT for [news_/api/v1/news/get-all]","service":"nirdc-backend","timestamp":"2026-08-07 10:49:08"}
{"level":"debug","message":"⚡ Cache HIT for [homepage_/api/v1/home-page-details/get-all]","service":"nirdc-backend","timestamp":"2026-08-07 10:49:41"}
{"level":"debug","message":"⚡ Cache HIT for [news_/api/v1/news/get-all]","service":"nirdc-backend","timestamp":"2026-08-07 10:49:41"}
{"level":"debug","message":"⚡ Cache HIT for [homepage_/api/v1/home-page-details/get-all]","service":"nirdc-backend","timestamp":"2026-08-07 10:49:41"}
{"level":"debug","message":"⚡ Cache HIT for [news_/api/v1/news/get-all]","service":"nirdc-backend","timestamp":"2026-08-07 10:49:41"}
{"level":"debug","message":"⚡ Cache HIT for [homepage_/api/v1/home-page-details/get-all]","service":"nirdc-backend","timestamp":"2026-08-07 10:49:46"}
{"level":"debug","message":"⚡ Cache HIT for [news_/api/v1/news/get-all]","service":"nirdc-backend","timestamp":"2026-08-07 10:49:46"}
{"level":"debug","message":"⚡ Cache HIT for [homepage_/api/v1/home-page-details/get-all]","service":"nirdc-backend","timestamp":"2026-08-07 10:49:46"}
{"level":"debug","message":"⚡ Cache HIT for [news_/api/v1/news/get-all]","service":"nirdc-backend","timestamp":"2026-08-07 10:49:46"}
{"level":"debug","message":"⚡ Cache HIT for [homepage_/api/v1/home-page-details/get-all]","service":"nirdc-backend","timestamp":"2026-08-07 10:50:46"}
{"level":"debug","message":"⚡ Cache HIT for [news_/api/v1/news/get-all]","service":"nirdc-backend","timestamp":"2026-08-07 10:50:46"}
{"level":"debug","message":"⚡ Cache HIT for [homepage_/api/v1/home-page-details/get-all]","service":"nirdc-backend","timestamp":"2026-08-07 10:50:46"}
{"level":"debug","message":"⚡ Cache HIT for [news_/api/v1/news/get-all]","service":"nirdc-backend","timestamp":"2026-08-07 10:50:46"}
{"level":"debug","message":"🔍 Cache MISS for [homepage_/api/v1/home-page-details/get-all]","service":"nirdc-backend","timestamp":"2026-08-07 10:57:36"}
{"level":"debug","message":"🔍 Cache MISS for [news_/api/v1/news/get-all]","service":"nirdc-backend","timestamp":"2026-08-07 10:57:36"}
{"level":"debug","message":"⚡ Cache HIT for [homepage_/api/v1/home-page-details/get-all]","service":"nirdc-backend","timestamp":"2026-08-07 10:57:36"}
{"level":"debug","message":"⚡ Cache HIT for [news_/api/v1/news/get-all]","service":"nirdc-backend","timestamp":"2026-08-07 10:57:36"}
{"level":"debug","message":"🔍 Cache MISS for [homepage_/api/v1/home-page-details/get-all]","service":"nirdc-backend","timestamp":"2026-08-07 11:03:21"}
{"level":"debug","message":"🔍 Cache MISS for [news_/api/v1/news/get-all]","service":"nirdc-backend","timestamp":"2026-08-07 11:03:21"}
{"level":"debug","message":"⚡ Cache HIT for [homepage_/api/v1/home-page-details/get-all]","service":"nirdc-backend","timestamp":"2026-08-07 11:03:21"}
{"level":"debug","message":"⚡ Cache HIT for [news_/api/v1/news/get-all]","service":"nirdc-backend","timestamp":"2026-08-07 11:03:21"}
{"level":"debug","message":"🔍 Cache MISS for [homepage_/api/v1/home-page-details/get-all]","service":"nirdc-backend","timestamp":"2026-08-07 11:10:04"}
{"level":"debug","message":"⚡ Cache HIT for [homepage_/api/v1/home-page-details/get-all]","service":"nirdc-backend","timestamp":"2026-08-07 11:10:04"}
{"level":"debug","message":"⚡ Cache HIT for [homepage_/api/v1/home-page-details/get-all]","service":"nirdc-backend","timestamp":"2026-08-07 11:10:32"}
{"level":"debug","message":"🔍 Cache MISS for [news_/api/v1/news/get-all]","service":"nirdc-backend","timestamp":"2026-08-07 11:10:32"}
{"level":"debug","message":"⚡ Cache HIT for [homepage_/api/v1/home-page-details/get-all]","service":"nirdc-backend","timestamp":"2026-08-07 11:10:32"}
{"level":"debug","message":"⚡ Cache HIT for [news_/api/v1/news/get-all]","service":"nirdc-backend","timestamp":"2026-08-07 11:10:32"}
{"level":"debug","message":"⚡ Cache HIT for [homepage_/api/v1/home-page-details/get-all]","service":"nirdc-backend","timestamp":"2026-08-07 11:11:49"}
{"level":"debug","message":"⚡ Cache HIT for [news_/api/v1/news/get-all]","service":"nirdc-backend","timestamp":"2026-08-07 11:11:49"}
{"level":"debug","message":"⚡ Cache HIT for [homepage_/api/v1/home-page-details/get-all]","service":"nirdc-backend","timestamp":"2026-08-07 11:11:49"}
{"level":"debug","message":"⚡ Cache HIT for [news_/api/v1/news/get-all]","service":"nirdc-backend","timestamp":"2026-08-07 11:11:49"}
{"level":"debug","message":"⚡ Cache HIT for [homepage_/api/v1/home-page-details/get-all]","service":"nirdc-backend","timestamp":"2026-08-07 11:13:44"}
{"level":"debug","message":"⚡ Cache HIT for [news_/api/v1/news/get-all]","service":"nirdc-backend","timestamp":"2026-08-07 11:13:44"}
{"level":"debug","message":"⚡ Cache HIT for [homepage_/api/v1/home-page-details/get-all]","service":"nirdc-backend","timestamp":"2026-08-07 11:13:44"}
{"level":"debug","message":"⚡ Cache HIT for [news_/api/v1/news/get-all]","service":"nirdc-backend","timestamp":"2026-08-07 11:13:44"}
{"level":"debug","message":"⚡ Cache HIT for [homepage_/api/v1/home-page-details/get-all]","service":"nirdc-backend","timestamp":"2026-08-07 11:14:43"}
{"level":"debug","message":"⚡ Cache HIT for [homepage_/api/v1/home-page-details/get-all]","service":"nirdc-backend","timestamp":"2026-08-07 11:14:43"}
{"level":"debug","message":"🔍 Cache MISS for [homepage_/api/v1/home-page-details/get-all]","service":"nirdc-backend","timestamp":"2026-08-07 11:19:04"}
{"level":"debug","message":"🔍 Cache MISS for [news_/api/v1/news/get-all]","service":"nirdc-backend","timestamp":"2026-08-07 11:19:04"}
{"level":"debug","message":"⚡ Cache HIT for [homepage_/api/v1/home-page-details/get-all]","service":"nirdc-backend","timestamp":"2026-08-07 11:19:04"}
{"level":"debug","message":"⚡ Cache HIT for [news_/api/v1/news/get-all]","service":"nirdc-backend","timestamp":"2026-08-07 11:19:04"}
{"level":"debug","message":"⚡ Cache HIT for [homepage_/api/v1/home-page-details/get-all]","service":"nirdc-backend","timestamp":"2026-08-07 11:20:46"}
{"level":"debug","message":"⚡ Cache HIT for [news_/api/v1/news/get-all]","service":"nirdc-backend","timestamp":"2026-08-07 11:20:46"}
{"level":"debug","message":"⚡ Cache HIT for [homepage_/api/v1/home-page-details/get-all]","service":"nirdc-backend","timestamp":"2026-08-07 11:20:46"}
{"level":"debug","message":"⚡ Cache HIT for [news_/api/v1/news/get-all]","service":"nirdc-backend","timestamp":"2026-08-07 11:20:46"}
{"level":"debug","message":"⚡ Cache HIT for [homepage_/api/v1/home-page-details/get-all]","service":"nirdc-backend","timestamp":"2026-08-07 11:20:51"}
{"level":"debug","message":"⚡ Cache HIT for [news_/api/v1/news/get-all]","service":"nirdc-backend","timestamp":"2026-08-07 11:20:51"}
{"level":"debug","message":"⚡ Cache HIT for [homepage_/api/v1/home-page-details/get-all]","service":"nirdc-backend","timestamp":"2026-08-07 11:20:51"}
{"level":"debug","message":"⚡ Cache HIT for [news_/api/v1/news/get-all]","service":"nirdc-backend","timestamp":"2026-08-07 11:20:51"}
{"level":"debug","message":"⚡ Cache HIT for [homepage_/api/v1/home-page-details/get-all]","service":"nirdc-backend","timestamp":"2026-08-07 11:21:43"}
{"level":"debug","message":"⚡ Cache HIT for [homepage_/api/v1/home-page-details/get-all]","service":"nirdc-backend","timestamp":"2026-08-07 11:21:43"}
{"level":"debug","message":"⚡ Cache HIT for [homepage_/api/v1/home-page-details/get-all]","service":"nirdc-backend","timestamp":"2026-08-07 11:21:51"}
{"level":"debug","message":"⚡ Cache HIT for [news_/api/v1/news/get-all]","service":"nirdc-backend","timestamp":"2026-08-07 11:21:51"}
{"level":"debug","message":"⚡ Cache HIT for [homepage_/api/v1/home-page-details/get-all]","service":"nirdc-backend","timestamp":"2026-08-07 11:21:51"}
{"level":"debug","message":"⚡ Cache HIT for [news_/api/v1/news/get-all]","service":"nirdc-backend","timestamp":"2026-08-07 11:21:51"}
{"level":"debug","message":"⚡ Cache HIT for [homepage_/api/v1/home-page-details/get-all]","service":"nirdc-backend","timestamp":"2026-08-07 11:21:56"}
{"level":"debug","message":"⚡ Cache HIT for [homepage_/api/v1/home-page-details/get-all]","service":"nirdc-backend","timestamp":"2026-08-07 11:21:56"}
{"level":"debug","message":"⚡ Cache HIT for [homepage_/api/v1/home-page-details/get-all]","service":"nirdc-backend","timestamp":"2026-08-07 11:23:30"}
{"level":"debug","message":"⚡ Cache HIT for [news_/api/v1/news/get-all]","service":"nirdc-backend","timestamp":"2026-08-07 11:23:30"}
{"level":"debug","message":"⚡ Cache HIT for [homepage_/api/v1/home-page-details/get-all]","service":"nirdc-backend","timestamp":"2026-08-07 11:23:30"}
{"level":"debug","message":"⚡ Cache HIT for [news_/api/v1/news/get-all]","service":"nirdc-backend","timestamp":"2026-08-07 11:23:30"}
{"level":"debug","message":"🔍 Cache MISS for [homepage_/api/v1/home-page-details/get-all]","service":"nirdc-backend","timestamp":"2026-08-07 11:24:20"}
{"level":"debug","message":"🔍 Cache MISS for [news_/api/v1/news/get-all]","service":"nirdc-backend","timestamp":"2026-08-07 11:24:20"}
{"level":"debug","message":"⚡ Cache HIT for [homepage_/api/v1/home-page-details/get-all]","service":"nirdc-backend","timestamp":"2026-08-07 11:24:20"}
{"level":"debug","message":"⚡ Cache HIT for [news_/api/v1/news/get-all]","service":"nirdc-backend","timestamp":"2026-08-07 11:24:20"}
{"level":"debug","message":"⚡ Cache HIT for [homepage_/api/v1/home-page-details/get-all]","service":"nirdc-backend","timestamp":"2026-08-07 11:24:21"}
{"level":"debug","message":"⚡ Cache HIT for [homepage_/api/v1/home-page-details/get-all]","service":"nirdc-backend","timestamp":"2026-08-07 11:24:21"}
{"level":"debug","message":"🔍 Cache MISS for [homepage_/api/v1/home-page-details/get-all]","service":"nirdc-backend","timestamp":"2026-08-07 11:33:34"}
{"level":"debug","message":"⚡ Cache HIT for [homepage_/api/v1/home-page-details/get-all]","service":"nirdc-backend","timestamp":"2026-08-07 11:33:34"}
{"level":"debug","message":"⚡ Cache HIT for [homepage_/api/v1/home-page-details/get-all]","service":"nirdc-backend","timestamp":"2026-08-07 11:34:50"}
{"level":"debug","message":"⚡ Cache HIT for [homepage_/api/v1/home-page-details/get-all]","service":"nirdc-backend","timestamp":"2026-08-07 11:34:50"}
{"level":"debug","message":"⚡ Cache HIT for [homepage_/api/v1/home-page-details/get-all]","service":"nirdc-backend","timestamp":"2026-08-07 11:35:19"}
{"level":"debug","message":"⚡ Cache HIT for [homepage_/api/v1/home-page-details/get-all]","service":"nirdc-backend","timestamp":"2026-08-07 11:35:19"}
{"level":"debug","message":"⚡ Cache HIT for [homepage_/api/v1/home-page-details/get-all]","service":"nirdc-backend","timestamp":"2026-08-07 11:35:26"}
{"level":"debug","message":"⚡ Cache HIT for [homepage_/api/v1/home-page-details/get-all]","service":"nirdc-backend","timestamp":"2026-08-07 11:35:26"}
{"level":"debug","message":"⚡ Cache HIT for [homepage_/api/v1/home-page-details/get-all]","service":"nirdc-backend","timestamp":"2026-08-07 11:38:14"}
{"level":"debug","message":"🔍 Cache MISS for [news_/api/v1/news/get-all]","service":"nirdc-backend","timestamp":"2026-08-07 11:38:14"}
{"level":"debug","message":"⚡ Cache HIT for [homepage_/api/v1/home-page-details/get-all]","service":"nirdc-backend","timestamp":"2026-08-07 11:38:14"}
{"level":"debug","message":"⚡ Cache HIT for [news_/api/v1/news/get-all]","service":"nirdc-backend","timestamp":"2026-08-07 11:38:14"}
{"level":"info","message":"✅ MongoDB connected successfully","service":"nirdc-backend","timestamp":"2026-08-07 12:21:47"}
{"level":"info","message":"✅ Admin initialized","service":"nirdc-backend","timestamp":"2026-08-07 12:21:48"}
{"level":"info","message":"🚀 Server is running on port 5000","service":"nirdc-backend","timestamp":"2026-08-07 12:21:48"}
{"level":"info","message":"✅ MongoDB connected successfully","service":"nirdc-backend","timestamp":"2026-08-07 12:28:53"}
{"level":"info","message":"✅ Admin initialized","service":"nirdc-backend","timestamp":"2026-08-07 12:28:53"}
{"level":"info","message":"🚀 Server is running on port 5000","service":"nirdc-backend","timestamp":"2026-08-07 12:28:53"}
{"level":"info","message":"✅ MongoDB connected successfully","service":"nirdc-backend","timestamp":"2026-08-07 12:31:14"}
{"level":"info","message":"✅ Admin initialized","service":"nirdc-backend","timestamp":"2026-08-07 12:31:15"}
{"level":"info","message":"🚀 Server is running on port 5000","service":"nirdc-backend","timestamp":"2026-08-07 12:31:15"}
{"level":"debug","message":"🔍 Cache MISS for [homepage_/api/v1/home-page-details/get-all]","service":"nirdc-backend","timestamp":"2026-08-07 12:37:52"}
{"level":"debug","message":"⚡ Cache HIT for [homepage_/api/v1/home-page-details/get-all]","service":"nirdc-backend","timestamp":"2026-08-07 12:37:52"}
{"level":"debug","message":"🔍 Cache MISS for [news_/api/v1/news/get-all]","service":"nirdc-backend","timestamp":"2026-08-07 12:37:52"}
{"level":"debug","message":"⚡ Cache HIT for [news_/api/v1/news/get-all]","service":"nirdc-backend","timestamp":"2026-08-07 12:37:52"}
{"level":"debug","message":"⚡ Cache HIT for [homepage_/api/v1/home-page-details/get-all]","service":"nirdc-backend","timestamp":"2026-08-07 12:38:02"}
{"level":"debug","message":"⚡ Cache HIT for [news_/api/v1/news/get-all]","service":"nirdc-backend","timestamp":"2026-08-07 12:38:02"}
{"level":"debug","message":"⚡ Cache HIT for [homepage_/api/v1/home-page-details/get-all]","service":"nirdc-backend","timestamp":"2026-08-07 12:38:02"}
{"level":"debug","message":"⚡ Cache HIT for [news_/api/v1/news/get-all]","service":"nirdc-backend","timestamp":"2026-08-07 12:38:02"}
{"level":"debug","message":"⚡ Cache HIT for [news_/api/v1/news/get-all]","service":"nirdc-backend","timestamp":"2026-08-07 12:39:46"}
{"level":"debug","message":"⚡ Cache HIT for [news_/api/v1/news/get-all]","service":"nirdc-backend","timestamp":"2026-08-07 12:39:46"}
{"level":"debug","message":"🔍 Cache MISS for [announcements_/api/v1/announcements/get-all]","service":"nirdc-backend","timestamp":"2026-08-07 12:41:01"}
{"level":"debug","message":"⚡ Cache HIT for [announcements_/api/v1/announcements/get-all]","service":"nirdc-backend","timestamp":"2026-08-07 12:41:01"}
{"level":"debug","message":"🔍 Cache MISS for [homepage_/api/v1/home-page-details/get-all]","service":"nirdc-backend","timestamp":"2026-08-07 13:30:03"}
{"level":"debug","message":"⚡ Cache HIT for [homepage_/api/v1/home-page-details/get-all]","service":"nirdc-backend","timestamp":"2026-08-07 13:30:03"}
{"level":"debug","message":"🔍 Cache MISS for [news_/api/v1/news/get-all]","service":"nirdc-backend","timestamp":"2026-08-07 13:30:03"}
{"level":"debug","message":"⚡ Cache HIT for [news_/api/v1/news/get-all]","service":"nirdc-backend","timestamp":"2026-08-07 13:30:03"}
{"level":"debug","message":"⚡ Cache HIT for [homepage_/api/v1/home-page-details/get-all]","service":"nirdc-backend","timestamp":"2026-08-07 13:30:17"}
{"level":"debug","message":"⚡ Cache HIT for [news_/api/v1/news/get-all]","service":"nirdc-backend","timestamp":"2026-08-07 13:30:17"}
{"level":"debug","message":"⚡ Cache HIT for [news_/api/v1/news/get-all]","service":"nirdc-backend","timestamp":"2026-08-07 13:30:17"}
{"level":"debug","message":"⚡ Cache HIT for [homepage_/api/v1/home-page-details/get-all]","service":"nirdc-backend","timestamp":"2026-08-07 13:30:17"}
{"level":"debug","message":"⚡ Cache HIT for [homepage_/api/v1/home-page-details/get-all]","service":"nirdc-backend","timestamp":"2026-08-07 13:30:19"}
{"level":"debug","message":"⚡ Cache HIT for [homepage_/api/v1/home-page-details/get-all]","service":"nirdc-backend","timestamp":"2026-08-07 13:30:19"}
{"level":"info","message":"✅ MongoDB connected successfully","service":"nirdc-backend","timestamp":"2026-08-07 13:31:13"}
{"level":"info","message":"✅ Admin initialized","service":"nirdc-backend","timestamp":"2026-08-07 13:31:13"}
{"level":"info","message":"🚀 Server is running on port 5000","service":"nirdc-backend","timestamp":"2026-08-07 13:31:13"}
{"level":"debug","message":"🔍 Cache MISS for [homepage_/api/v1/home-page-details/get-all]","service":"nirdc-backend","timestamp":"2026-08-07 13:31:54"}
{"level":"debug","message":"🔍 Cache MISS for [news_/api/v1/news/get-all]","service":"nirdc-backend","timestamp":"2026-08-07 13:31:54"}
{"level":"debug","message":"⚡ Cache HIT for [homepage_/api/v1/home-page-details/get-all]","service":"nirdc-backend","timestamp":"2026-08-07 13:31:54"}
{"level":"debug","message":"⚡ Cache HIT for [news_/api/v1/news/get-all]","service":"nirdc-backend","timestamp":"2026-08-07 13:31:54"}
{"level":"debug","message":"⚡ Cache HIT for [homepage_/api/v1/home-page-details/get-all]","service":"nirdc-backend","timestamp":"2026-08-07 13:32:08"}
{"level":"debug","message":"⚡ Cache HIT for [news_/api/v1/news/get-all]","service":"nirdc-backend","timestamp":"2026-08-07 13:32:08"}
{"level":"debug","message":"⚡ Cache HIT for [homepage_/api/v1/home-page-details/get-all]","service":"nirdc-backend","timestamp":"2026-08-07 13:32:08"}
{"level":"debug","message":"⚡ Cache HIT for [news_/api/v1/news/get-all]","service":"nirdc-backend","timestamp":"2026-08-07 13:32:08"}
{"level":"debug","message":"⚡ Cache HIT for [homepage_/api/v1/home-page-details/get-all]","service":"nirdc-backend","timestamp":"2026-08-07 13:32:25"}
{"level":"debug","message":"⚡ Cache HIT for [homepage_/api/v1/home-page-details/get-all]","service":"nirdc-backend","timestamp":"2026-08-07 13:32:25"}
{"level":"debug","message":"⚡ Cache HIT for [news_/api/v1/news/get-all]","service":"nirdc-backend","timestamp":"2026-08-07 13:32:25"}
{"level":"debug","message":"⚡ Cache HIT for [news_/api/v1/news/get-all]","service":"nirdc-backend","timestamp":"2026-08-07 13:32:26"}
{"level":"debug","message":"⚡ Cache HIT for [homepage_/api/v1/home-page-details/get-all]","service":"nirdc-backend","timestamp":"2026-08-07 13:32:37"}
{"level":"debug","message":"⚡ Cache HIT for [news_/api/v1/news/get-all]","service":"nirdc-backend","timestamp":"2026-08-07 13:32:37"}
{"level":"debug","message":"⚡ Cache HIT for [news_/api/v1/news/get-all]","service":"nirdc-backend","timestamp":"2026-08-07 13:32:37"}
{"level":"debug","message":"⚡ Cache HIT for [homepage_/api/v1/home-page-details/get-all]","service":"nirdc-backend","timestamp":"2026-08-07 13:32:37"}
{"level":"debug","message":"⚡ Cache HIT for [homepage_/api/v1/home-page-details/get-all]","service":"nirdc-backend","timestamp":"2026-08-07 13:33:16"}
{"level":"debug","message":"⚡ Cache HIT for [homepage_/api/v1/home-page-details/get-all]","service":"nirdc-backend","timestamp":"2026-08-07 13:33:16"}
{"level":"debug","message":"⚡ Cache HIT for [news_/api/v1/news/get-all]","service":"nirdc-backend","timestamp":"2026-08-07 13:33:16"}
{"level":"debug","message":"⚡ Cache HIT for [news_/api/v1/news/get-all]","service":"nirdc-backend","timestamp":"2026-08-07 13:33:16"}
{"level":"info","message":"✅ MongoDB connected successfully","service":"nirdc-backend","timestamp":"2026-08-07 13:34:09"}
{"level":"info","message":"✅ Admin initialized","service":"nirdc-backend","timestamp":"2026-08-07 13:34:09"}
{"level":"info","message":"🚀 Server is running on port 5000","service":"nirdc-backend","timestamp":"2026-08-07 13:34:09"}
{"level":"debug","message":"🔍 Cache MISS for [homepage_/api/v1/home-page-details/get-all]","service":"nirdc-backend","timestamp":"2026-08-07 13:34:41"}
{"level":"debug","message":"🔍 Cache MISS for [news_/api/v1/news/get-all]","service":"nirdc-backend","timestamp":"2026-08-07 13:34:41"}
{"level":"debug","message":"⚡ Cache HIT for [homepage_/api/v1/home-page-details/get-all]","service":"nirdc-backend","timestamp":"2026-08-07 13:34:41"}
{"level":"debug","message":"⚡ Cache HIT for [news_/api/v1/news/get-all]","service":"nirdc-backend","timestamp":"2026-08-07 13:34:41"}
{"level":"debug","message":"🔍 Cache MISS for [homepage_/api/v1/home-page-details/get-all]","service":"nirdc-backend","timestamp":"2026-08-07 14:34:33"}
{"level":"debug","message":"🔍 Cache MISS for [news_/api/v1/news/get-all]","service":"nirdc-backend","timestamp":"2026-08-07 14:34:33"}
{"level":"debug","message":"⚡ Cache HIT for [homepage_/api/v1/home-page-details/get-all]","service":"nirdc-backend","timestamp":"2026-08-07 14:34:33"}
{"level":"debug","message":"⚡ Cache HIT for [news_/api/v1/news/get-all]","service":"nirdc-backend","timestamp":"2026-08-07 14:34:33"}
{"level":"debug","message":"🔍 Cache MISS for [homepage_/api/v1/home-page-details/get-all]","service":"nirdc-backend","timestamp":"2026-08-07 15:26:24"}
{"level":"debug","message":"🔍 Cache MISS for [news_/api/v1/news/get-all]","service":"nirdc-backend","timestamp":"2026-08-07 15:26:24"}
{"level":"debug","message":"⚡ Cache HIT for [homepage_/api/v1/home-page-details/get-all]","service":"nirdc-backend","timestamp":"2026-08-07 15:26:24"}
{"level":"debug","message":"⚡ Cache HIT for [news_/api/v1/news/get-all]","service":"nirdc-backend","timestamp":"2026-08-07 15:26:24"}
{"level":"debug","message":"🔍 Cache MISS for [homepage_/api/v1/home-page-details/get-all]","service":"nirdc-backend","timestamp":"2026-08-07 16:50:33"}
{"level":"debug","message":"🔍 Cache MISS for [news_/api/v1/news/get-all]","service":"nirdc-backend","timestamp":"2026-08-07 16:50:33"}
{"level":"debug","message":"⚡ Cache HIT for [homepage_/api/v1/home-page-details/get-all]","service":"nirdc-backend","timestamp":"2026-08-07 16:50:33"}
{"level":"debug","message":"⚡ Cache HIT for [news_/api/v1/news/get-all]","service":"nirdc-backend","timestamp":"2026-08-07 16:50:33"}
{"level":"debug","message":"🔍 Cache MISS for [homepage_/api/v1/home-page-details/get-all]","service":"nirdc-backend","timestamp":"2026-08-07 16:57:19"}
{"level":"debug","message":"🔍 Cache MISS for [news_/api/v1/news/get-all]","service":"nirdc-backend","timestamp":"2026-08-07 16:57:19"}
{"level":"debug","message":"⚡ Cache HIT for [homepage_/api/v1/home-page-details/get-all]","service":"nirdc-backend","timestamp":"2026-08-07 16:57:19"}
{"level":"debug","message":"⚡ Cache HIT for [news_/api/v1/news/get-all]","service":"nirdc-backend","timestamp":"2026-08-07 16:57:19"}
{"level":"info","message":"✅ MongoDB connected successfully","service":"nirdc-backend","timestamp":"2026-08-07 17:01:53"}
{"level":"info","message":"✅ Admin initialized","service":"nirdc-backend","timestamp":"2026-08-07 17:01:53"}
{"level":"info","message":"🚀 Server is running on port 5000","service":"nirdc-backend","timestamp":"2026-08-07 17:01:53"}
{"level":"debug","message":"🔍 Cache MISS for [homepage_/api/v1/home-page-details/get-all]","service":"nirdc-backend","timestamp":"2026-08-07 17:03:12"}
{"level":"debug","message":"🔍 Cache MISS for [news_/api/v1/news/get-all]","service":"nirdc-backend","timestamp":"2026-08-07 17:03:12"}
{"level":"debug","message":"⚡ Cache HIT for [homepage_/api/v1/home-page-details/get-all]","service":"nirdc-backend","timestamp":"2026-08-07 17:03:12"}
{"level":"debug","message":"⚡ Cache HIT for [news_/api/v1/news/get-all]","service":"nirdc-backend","timestamp":"2026-08-07 17:03:12"}
{"level":"debug","message":"⚡ Cache HIT for [homepage_/api/v1/home-page-details/get-all]","service":"nirdc-backend","timestamp":"2026-08-07 17:03:20"}
{"level":"debug","message":"⚡ Cache HIT for [news_/api/v1/news/get-all]","service":"nirdc-backend","timestamp":"2026-08-07 17:03:20"}
{"level":"debug","message":"⚡ Cache HIT for [homepage_/api/v1/home-page-details/get-all]","service":"nirdc-backend","timestamp":"2026-08-07 17:03:20"}
{"level":"debug","message":"⚡ Cache HIT for [news_/api/v1/news/get-all]","service":"nirdc-backend","timestamp":"2026-08-07 17:03:20"}
{"level":"info","message":"✅ MongoDB connected successfully","service":"nirdc-backend","timestamp":"2026-08-07 17:09:16"}
{"level":"info","message":"✅ Admin initialized","service":"nirdc-backend","timestamp":"2026-08-07 17:09:16"}
{"level":"info","message":"🚀 Server is running on port 5000","service":"nirdc-backend","timestamp":"2026-08-07 17:09:16"}
{"level":"debug","message":"🔍 Cache MISS for [news_/api/v1/news/get-all]","service":"nirdc-backend","timestamp":"2026-08-07 17:09:21"}
{"level":"debug","message":"⚡ Cache HIT for [news_/api/v1/news/get-all]","service":"nirdc-backend","timestamp":"2026-08-07 17:09:21"}
{"level":"debug","message":"⚡ Cache HIT for [news_/api/v1/news/get-all]","service":"nirdc-backend","timestamp":"2026-08-07 17:09:26"}
{"level":"debug","message":"⚡ Cache HIT for [news_/api/v1/news/get-all]","service":"nirdc-backend","timestamp":"2026-08-07 17:09:26"}
{"level":"info","message":"✅ MongoDB connected successfully","service":"nirdc-backend","timestamp":"2026-08-07 17:10:15"}
{"level":"info","message":"✅ Admin initialized","service":"nirdc-backend","timestamp":"2026-08-07 17:10:15"}
{"level":"info","message":"🚀 Server is running on port 5000","service":"nirdc-backend","timestamp":"2026-08-07 17:10:15"}
{"level":"debug","message":"🔍 Cache MISS for [news_/api/v1/news/get-all]","service":"nirdc-backend","timestamp":"2026-08-07 17:12:39"}
{"level":"debug","message":"⚡ Cache HIT for [news_/api/v1/news/get-all]","service":"nirdc-backend","timestamp":"2026-08-07 17:12:39"}
{"level":"debug","message":"⚡ Cache HIT for [news_/api/v1/news/get-all]","service":"nirdc-backend","timestamp":"2026-08-07 17:12:46"}
{"level":"debug","message":"⚡ Cache HIT for [news_/api/v1/news/get-all]","service":"nirdc-backend","timestamp":"2026-08-07 17:12:46"}
{"level":"debug","message":"🔍 Cache MISS for [homepage_/api/v1/home-page-details/get-all]","service":"nirdc-backend","timestamp":"2026-08-07 17:16:52"}
{"level":"debug","message":"⚡ Cache HIT for [news_/api/v1/news/get-all]","service":"nirdc-backend","timestamp":"2026-08-07 17:16:52"}
{"level":"debug","message":"⚡ Cache HIT for [news_/api/v1/news/get-all]","service":"nirdc-backend","timestamp":"2026-08-07 17:16:52"}
{"level":"debug","message":"⚡ Cache HIT for [homepage_/api/v1/home-page-details/get-all]","service":"nirdc-backend","timestamp":"2026-08-07 17:16:52"}
{"level":"info","message":"✅ MongoDB connected successfully","service":"nirdc-backend","timestamp":"2026-08-07 17:30:29"}
{"level":"info","message":"✅ Admin initialized","service":"nirdc-backend","timestamp":"2026-08-07 17:30:29"}
{"level":"info","message":"🚀 Server is running on port 5000","service":"nirdc-backend","timestamp":"2026-08-07 17:30:29"}
{"level":"info","message":"✅ MongoDB connected successfully","service":"nirdc-backend","timestamp":"2026-08-07 17:30:36"}
{"level":"info","message":"✅ Admin initialized","service":"nirdc-backend","timestamp":"2026-08-07 17:30:36"}
{"level":"info","message":"🚀 Server is running on port 5000","service":"nirdc-backend","timestamp":"2026-08-07 17:30:36"}
{"level":"debug","message":"🔍 Cache MISS for [homepage_/api/v1/home-page-details/get-all]","service":"nirdc-backend","timestamp":"2026-08-07 17:31:42"}
{"level":"debug","message":"🔍 Cache MISS for [news_/api/v1/news/get-all]","service":"nirdc-backend","timestamp":"2026-08-07 17:31:42"}
{"level":"debug","message":"⚡ Cache HIT for [homepage_/api/v1/home-page-details/get-all]","service":"nirdc-backend","timestamp":"2026-08-07 17:31:42"}
{"level":"debug","message":"⚡ Cache HIT for [news_/api/v1/news/get-all]","service":"nirdc-backend","timestamp":"2026-08-07 17:31:42"}
{"level":"debug","message":"⚡ Cache HIT for [news_/api/v1/news/get-all]","service":"nirdc-backend","timestamp":"2026-08-07 17:32:06"}
{"level":"debug","message":"⚡ Cache HIT for [news_/api/v1/news/get-all]","service":"nirdc-backend","timestamp":"2026-08-07 17:32:06"}
{"level":"debug","message":"🔍 Cache MISS for [announcements_/api/v1/announcements/get-all]","service":"nirdc-backend","timestamp":"2026-08-07 17:32:15"}
{"level":"debug","message":"⚡ Cache HIT for [announcements_/api/v1/announcements/get-all]","service":"nirdc-backend","timestamp":"2026-08-07 17:32:15"}
{"level":"info","message":"✅ MongoDB connected successfully","service":"nirdc-backend","timestamp":"2026-08-07 17:34:26"}
{"level":"info","message":"✅ Admin initialized","service":"nirdc-backend","timestamp":"2026-08-07 17:34:26"}
{"level":"info","message":"🚀 Server is running on port 5000","service":"nirdc-backend","timestamp":"2026-08-07 17:34:26"}
{"level":"info","message":"✅ MongoDB connected successfully","service":"nirdc-backend","timestamp":"2026-08-07 17:35:58"}
{"level":"info","message":"✅ Admin initialized","service":"nirdc-backend","timestamp":"2026-08-07 17:35:58"}
{"level":"info","message":"🚀 Server is running on port 5000","service":"nirdc-backend","timestamp":"2026-08-07 17:35:58"}
{"level":"info","message":"✅ MongoDB connected successfully","service":"nirdc-backend","timestamp":"2026-08-07 17:36:48"}
{"level":"info","message":"✅ Admin initialized","service":"nirdc-backend","timestamp":"2026-08-07 17:36:48"}
{"level":"info","message":"🚀 Server is running on port 5000","service":"nirdc-backend","timestamp":"2026-08-07 17:36:48"}
{"level":"info","message":"✅ MongoDB connected successfully","service":"nirdc-backend","timestamp":"2026-08-07 17:38:29"}
{"level":"info","message":"✅ Admin initialized","service":"nirdc-backend","timestamp":"2026-08-07 17:38:29"}
{"level":"info","message":"🚀 Server is running on port 5000","service":"nirdc-backend","timestamp":"2026-08-07 17:38:29"}
{"level":"debug","message":"🔍 Cache MISS for [announcements_/api/v1/announcements/get-all]","service":"nirdc-backend","timestamp":"2026-08-07 17:39:21"}
{"level":"debug","message":"⚡ Cache HIT for [announcements_/api/v1/announcements/get-all]","service":"nirdc-backend","timestamp":"2026-08-07 17:39:21"}
{"level":"debug","message":"🔍 Cache MISS for [news_/api/v1/news/get-all]","service":"nirdc-backend","timestamp":"2026-08-07 17:40:01"}
{"level":"debug","message":"⚡ Cache HIT for [news_/api/v1/news/get-all]","service":"nirdc-backend","timestamp":"2026-08-07 17:40:01"}
{"level":"debug","message":"⚡ Cache HIT for [news_/api/v1/news/get-all]","service":"nirdc-backend","timestamp":"2026-08-07 17:40:04"}
{"level":"debug","message":"⚡ Cache HIT for [news_/api/v1/news/get-all]","service":"nirdc-backend","timestamp":"2026-08-07 17:40:04"}
{"level":"debug","message":"⚡ Cache HIT for [announcements_/api/v1/announcements/get-all]","service":"nirdc-backend","timestamp":"2026-08-07 17:40:10"}
{"level":"debug","message":"⚡ Cache HIT for [announcements_/api/v1/announcements/get-all]","service":"nirdc-backend","timestamp":"2026-08-07 17:40:10"}
{"level":"debug","message":"🔍 Cache MISS for [blogs_/api/v1/blogs/get-all]","service":"nirdc-backend","timestamp":"2026-08-07 17:40:11"}
{"level":"debug","message":"⚡ Cache HIT for [blogs_/api/v1/blogs/get-all]","service":"nirdc-backend","timestamp":"2026-08-07 17:40:11"}
{"level":"debug","message":"🔍 Cache MISS for [homepage_/api/v1/home-page-details/get-all]","service":"nirdc-backend","timestamp":"2026-08-07 17:40:14"}
{"level":"debug","message":"⚡ Cache HIT for [homepage_/api/v1/home-page-details/get-all]","service":"nirdc-backend","timestamp":"2026-08-07 17:40:14"}
{"level":"debug","message":"⚡ Cache HIT for [news_/api/v1/news/get-all]","service":"nirdc-backend","timestamp":"2026-08-07 17:40:28"}
{"level":"debug","message":"⚡ Cache HIT for [news_/api/v1/news/get-all]","service":"nirdc-backend","timestamp":"2026-08-07 17:40:28"}
{"level":"info","message":"✅ MongoDB connected successfully","service":"nirdc-backend","timestamp":"2026-08-07 17:45:01"}
{"level":"info","message":"✅ Admin initialized","service":"nirdc-backend","timestamp":"2026-08-07 17:45:01"}
{"level":"info","message":"🚀 Server is running on port 5000","service":"nirdc-backend","timestamp":"2026-08-07 17:45:01"}
{"level":"info","message":"✅ MongoDB connected successfully","service":"nirdc-backend","timestamp":"2026-08-07 17:46:04"}
{"level":"info","message":"✅ Admin initialized","service":"nirdc-backend","timestamp":"2026-08-07 17:46:04"}
{"level":"info","message":"🚀 Server is running on port 5000","service":"nirdc-backend","timestamp":"2026-08-07 17:46:04"}
{"level":"info","message":"✅ MongoDB connected successfully","service":"nirdc-backend","timestamp":"2026-08-07 17:47:42"}
{"level":"info","message":"✅ Admin initialized","service":"nirdc-backend","timestamp":"2026-08-07 17:47:42"}
{"level":"info","message":"🚀 Server is running on port 5000","service":"nirdc-backend","timestamp":"2026-08-07 17:47:42"}
{"level":"info","message":"✅ MongoDB connected successfully","service":"nirdc-backend","timestamp":"2026-08-07 17:53:49"}
{"level":"info","message":"✅ Admin initialized","service":"nirdc-backend","timestamp":"2026-08-07 17:53:49"}
{"level":"info","message":"🚀 Server is running on port 5000","service":"nirdc-backend","timestamp":"2026-08-07 17:53:49"}
{"level":"info","message":"✅ MongoDB connected successfully","service":"nirdc-backend","timestamp":"2026-08-10 10:58:09"}
{"level":"info","message":"✅ Admin initialized","service":"nirdc-backend","timestamp":"2026-08-10 10:58:09"}
{"level":"info","message":"🚀 Server is running on port 5000","service":"nirdc-backend","timestamp":"2026-08-10 10:58:09"}
{"level":"debug","message":"🔍 Cache MISS for [homepage_/api/v1/home-page-details/get-all]","service":"nirdc-backend","timestamp":"2026-08-10 11:33:28"}
{"level":"debug","message":"⚡ Cache HIT for [homepage_/api/v1/home-page-details/get-all]","service":"nirdc-backend","timestamp":"2026-08-10 11:33:28"}
{"level":"debug","message":"🔍 Cache MISS for [homepage_/api/v1/home-page-details/get-all]","service":"nirdc-backend","timestamp":"2026-08-10 11:41:24"}
{"level":"debug","message":"⚡ Cache HIT for [homepage_/api/v1/home-page-details/get-all]","service":"nirdc-backend","timestamp":"2026-08-10 11:41:24"}
{"level":"info","message":"✅ MongoDB connected successfully","service":"nirdc-backend","timestamp":"2026-08-10 11:58:38"}
{"level":"info","message":"✅ Admin initialized","service":"nirdc-backend","timestamp":"2026-08-10 11:58:38"}
{"level":"info","message":"🚀 Server is running on port 5000","service":"nirdc-backend","timestamp":"2026-08-10 11:58:38"}
{"level":"info","message":"✅ MongoDB connected successfully","service":"nirdc-backend","timestamp":"2026-08-10 12:07:46"}
{"level":"info","message":"✅ Admin initialized","service":"nirdc-backend","timestamp":"2026-08-10 12:07:47"}
{"level":"debug","message":"🔍 Cache MISS for [news_/api/v1/news/get-all]","service":"nirdc-backend","timestamp":"2026-08-10 12:17:08"}
{"level":"debug","message":"⚡ Cache HIT for [news_/api/v1/news/get-all]","service":"nirdc-backend","timestamp":"2026-08-10 12:17:08"}
{"level":"debug","message":"🔍 Cache MISS for [announcements_/api/v1/announcements/get-all]","service":"nirdc-backend","timestamp":"2026-08-10 12:17:15"}
{"level":"debug","message":"⚡ Cache HIT for [announcements_/api/v1/announcements/get-all]","service":"nirdc-backend","timestamp":"2026-08-10 12:17:15"}
{"level":"debug","message":"🔍 Cache MISS for [blogs_/api/v1/blogs/get-all]","service":"nirdc-backend","timestamp":"2026-08-10 12:17:16"}
{"level":"debug","message":"⚡ Cache HIT for [blogs_/api/v1/blogs/get-all]","service":"nirdc-backend","timestamp":"2026-08-10 12:17:16"}
{"level":"debug","message":"⚡ Cache HIT for [blogs_/api/v1/blogs/get-all]","service":"nirdc-backend","timestamp":"2026-08-10 12:17:21"}
{"level":"debug","message":"⚡ Cache HIT for [blogs_/api/v1/blogs/get-all]","service":"nirdc-backend","timestamp":"2026-08-10 12:17:21"}
{"level":"debug","message":"⚡ Cache HIT for [blogs_/api/v1/blogs/get-all]","service":"nirdc-backend","timestamp":"2026-08-10 12:17:28"}
{"level":"debug","message":"⚡ Cache HIT for [blogs_/api/v1/blogs/get-all]","service":"nirdc-backend","timestamp":"2026-08-10 12:17:28"}
{"level":"debug","message":"⚡ Cache HIT for [announcements_/api/v1/announcements/get-all]","service":"nirdc-backend","timestamp":"2026-08-10 12:17:31"}
{"level":"debug","message":"⚡ Cache HIT for [announcements_/api/v1/announcements/get-all]","service":"nirdc-backend","timestamp":"2026-08-10 12:17:31"}
{"level":"info","message":"✅ MongoDB connected successfully","service":"nirdc-backend","timestamp":"2026-08-10 12:21:56"}
{"level":"info","message":"✅ Admin initialized","service":"nirdc-backend","timestamp":"2026-08-10 12:21:56"}
{"level":"info","message":"🚀 Server is running on port 5000","service":"nirdc-backend","timestamp":"2026-08-10 12:21:56"}
{"level":"info","message":"✅ MongoDB connected successfully","service":"nirdc-backend","timestamp":"2026-08-10 12:27:31"}
{"level":"info","message":"✅ Admin initialized","service":"nirdc-backend","timestamp":"2026-08-10 12:27:31"}
{"level":"info","message":"🚀 Server is running on port 5000","service":"nirdc-backend","timestamp":"2026-08-10 12:27:31"}
{"level":"debug","message":"🔍 Cache MISS for [homepage_/api/v1/home-page-details/get-all]","service":"nirdc-backend","timestamp":"2026-08-10 12:33:02"}
{"level":"debug","message":"⚡ Cache HIT for [homepage_/api/v1/home-page-details/get-all]","service":"nirdc-backend","timestamp":"2026-08-10 12:33:02"}
{"level":"debug","message":"🔍 Cache MISS for [news_/api/v1/news/get-all]","service":"nirdc-backend","timestamp":"2026-08-10 12:53:48"}
{"level":"debug","message":"⚡ Cache HIT for [news_/api/v1/news/get-all]","service":"nirdc-backend","timestamp":"2026-08-10 12:53:48"}
{"level":"debug","message":"🔍 Cache MISS for [announcements_/api/v1/announcements/get-all]","service":"nirdc-backend","timestamp":"2026-08-10 12:53:54"}
{"level":"debug","message":"⚡ Cache HIT for [announcements_/api/v1/announcements/get-all]","service":"nirdc-backend","timestamp":"2026-08-10 12:53:54"}
{"level":"debug","message":"🔍 Cache MISS for [blogs_/api/v1/blogs/get-all]","service":"nirdc-backend","timestamp":"2026-08-10 12:53:55"}
{"level":"debug","message":"⚡ Cache HIT for [blogs_/api/v1/blogs/get-all]","service":"nirdc-backend","timestamp":"2026-08-10 12:53:55"}
{"level":"debug","message":"⚡ Cache HIT for [blogs_/api/v1/blogs/get-all]","service":"nirdc-backend","timestamp":"2026-08-10 12:53:58"}
{"level":"debug","message":"⚡ Cache HIT for [blogs_/api/v1/blogs/get-all]","service":"nirdc-backend","timestamp":"2026-08-10 12:53:58"}
{"level":"debug","message":"⚡ Cache HIT for [news_/api/v1/news/get-all]","service":"nirdc-backend","timestamp":"2026-08-10 12:54:01"}
{"level":"debug","message":"⚡ Cache HIT for [news_/api/v1/news/get-all]","service":"nirdc-backend","timestamp":"2026-08-10 12:54:01"}
{"level":"debug","message":"⚡ Cache HIT for [news_/api/v1/news/get-all]","service":"nirdc-backend","timestamp":"2026-08-10 12:56:49"}
{"level":"debug","message":"⚡ Cache HIT for [news_/api/v1/news/get-all]","service":"nirdc-backend","timestamp":"2026-08-10 12:56:49"}
{"level":"debug","message":"⚡ Cache HIT for [news_/api/v1/news/get-all]","service":"nirdc-backend","timestamp":"2026-08-10 12:56:53"}
{"level":"debug","message":"⚡ Cache HIT for [news_/api/v1/news/get-all]","service":"nirdc-backend","timestamp":"2026-08-10 12:56:53"}
{"level":"debug","message":"⚡ Cache HIT for [news_/api/v1/news/get-all]","service":"nirdc-backend","timestamp":"2026-08-10 12:57:16"}
{"level":"debug","message":"⚡ Cache HIT for [news_/api/v1/news/get-all]","service":"nirdc-backend","timestamp":"2026-08-10 12:57:16"}
{"level":"debug","message":"⚡ Cache HIT for [news_/api/v1/news/get-all]","service":"nirdc-backend","timestamp":"2026-08-10 12:57:31"}
{"level":"debug","message":"⚡ Cache HIT for [news_/api/v1/news/get-all]","service":"nirdc-backend","timestamp":"2026-08-10 12:57:31"}
{"level":"debug","message":"⚡ Cache HIT for [news_/api/v1/news/get-all]","service":"nirdc-backend","timestamp":"2026-08-10 12:57:35"}
{"level":"debug","message":"⚡ Cache HIT for [news_/api/v1/news/get-all]","service":"nirdc-backend","timestamp":"2026-08-10 12:57:35"}
{"level":"debug","message":"⚡ Cache HIT for [news_/api/v1/news/get-all]","service":"nirdc-backend","timestamp":"2026-08-10 12:57:52"}
{"level":"debug","message":"⚡ Cache HIT for [news_/api/v1/news/get-all]","service":"nirdc-backend","timestamp":"2026-08-10 12:57:52"}
{"level":"debug","message":"🔍 Cache MISS for [news_/api/v1/news/get-all]","service":"nirdc-backend","timestamp":"2026-08-10 13:00:28"}
{"level":"debug","message":"⚡ Cache HIT for [news_/api/v1/news/get-all]","service":"nirdc-backend","timestamp":"2026-08-10 13:00:28"}
{"level":"debug","message":"🔍 Cache MISS for [announcements_/api/v1/announcements/get-all]","service":"nirdc-backend","timestamp":"2026-08-10 13:00:34"}
{"level":"debug","message":"⚡ Cache HIT for [announcements_/api/v1/announcements/get-all]","service":"nirdc-backend","timestamp":"2026-08-10 13:00:34"}
{"level":"debug","message":"🔍 Cache MISS for [blogs_/api/v1/blogs/get-all]","service":"nirdc-backend","timestamp":"2026-08-10 13:00:35"}
{"level":"debug","message":"⚡ Cache HIT for [blogs_/api/v1/blogs/get-all]","service":"nirdc-backend","timestamp":"2026-08-10 13:00:35"}
{"level":"debug","message":"🔍 Cache MISS for [homepage_/api/v1/home-page-details/get-all]","service":"nirdc-backend","timestamp":"2026-08-10 13:00:38"}
{"level":"debug","message":"⚡ Cache HIT for [homepage_/api/v1/home-page-details/get-all]","service":"nirdc-backend","timestamp":"2026-08-10 13:00:38"}
{"level":"debug","message":"⚡ Cache HIT for [blogs_/api/v1/blogs/get-all]","service":"nirdc-backend","timestamp":"2026-08-10 13:00:43"}
{"level":"debug","message":"⚡ Cache HIT for [blogs_/api/v1/blogs/get-all]","service":"nirdc-backend","timestamp":"2026-08-10 13:00:43"}
{"level":"debug","message":"⚡ Cache HIT for [announcements_/api/v1/announcements/get-all]","service":"nirdc-backend","timestamp":"2026-08-10 13:00:44"}
{"level":"debug","message":"⚡ Cache HIT for [announcements_/api/v1/announcements/get-all]","service":"nirdc-backend","timestamp":"2026-08-10 13:00:44"}
{"level":"debug","message":"⚡ Cache HIT for [news_/api/v1/news/get-all]","service":"nirdc-backend","timestamp":"2026-08-10 13:00:50"}
{"level":"debug","message":"⚡ Cache HIT for [news_/api/v1/news/get-all]","service":"nirdc-backend","timestamp":"2026-08-10 13:00:50"}
{"level":"debug","message":"⚡ Cache HIT for [news_/api/v1/news/get-all]","service":"nirdc-backend","timestamp":"2026-08-10 13:01:21"}
{"level":"debug","message":"⚡ Cache HIT for [news_/api/v1/news/get-all]","service":"nirdc-backend","timestamp":"2026-08-10 13:01:21"}
{"level":"debug","message":"⚡ Cache HIT for [news_/api/v1/news/get-all]","service":"nirdc-backend","timestamp":"2026-08-10 13:01:45"}
{"level":"debug","message":"⚡ Cache HIT for [news_/api/v1/news/get-all]","service":"nirdc-backend","timestamp":"2026-08-10 13:01:45"}
{"level":"debug","message":"⚡ Cache HIT for [news_/api/v1/news/get-all]","service":"nirdc-backend","timestamp":"2026-08-10 13:02:01"}
{"level":"debug","message":"⚡ Cache HIT for [news_/api/v1/news/get-all]","service":"nirdc-backend","timestamp":"2026-08-10 13:02:01"}
{"level":"debug","message":"⚡ Cache HIT for [news_/api/v1/news/get-all]","service":"nirdc-backend","timestamp":"2026-08-10 13:02:04"}
{"level":"debug","message":"⚡ Cache HIT for [news_/api/v1/news/get-all]","service":"nirdc-backend","timestamp":"2026-08-10 13:02:04"}
{"level":"debug","message":"🔍 Cache MISS for [news_/api/v1/news/get-all]","service":"nirdc-backend","timestamp":"2026-08-10 13:05:50"}
{"level":"debug","message":"⚡ Cache HIT for [news_/api/v1/news/get-all]","service":"nirdc-backend","timestamp":"2026-08-10 13:05:50"}
{"level":"debug","message":"🔍 Cache MISS for [announcements_/api/v1/announcements/get-all]","service":"nirdc-backend","timestamp":"2026-08-10 13:05:55"}
{"level":"debug","message":"⚡ Cache HIT for [announcements_/api/v1/announcements/get-all]","service":"nirdc-backend","timestamp":"2026-08-10 13:05:55"}
{"level":"debug","message":"🔍 Cache MISS for [homepage_/api/v1/home-page-details/get-all]","service":"nirdc-backend","timestamp":"2026-08-10 13:06:11"}
{"level":"debug","message":"⚡ Cache HIT for [homepage_/api/v1/home-page-details/get-all]","service":"nirdc-backend","timestamp":"2026-08-10 13:06:11"}
{"level":"debug","message":"🔍 Cache MISS for [blogs_/api/v1/blogs/get-all]","service":"nirdc-backend","timestamp":"2026-08-10 13:06:14"}
{"level":"debug","message":"⚡ Cache HIT for [blogs_/api/v1/blogs/get-all]","service":"nirdc-backend","timestamp":"2026-08-10 13:06:14"}
{"level":"debug","message":"⚡ Cache HIT for [announcements_/api/v1/announcements/get-all]","service":"nirdc-backend","timestamp":"2026-08-10 13:06:15"}
{"level":"debug","message":"⚡ Cache HIT for [announcements_/api/v1/announcements/get-all]","service":"nirdc-backend","timestamp":"2026-08-10 13:06:15"}
{"level":"debug","message":"⚡ Cache HIT for [news_/api/v1/news/get-all]","service":"nirdc-backend","timestamp":"2026-08-10 13:06:21"}
{"level":"debug","message":"⚡ Cache HIT for [news_/api/v1/news/get-all]","service":"nirdc-backend","timestamp":"2026-08-10 13:06:21"}
{"level":"debug","message":"⚡ Cache HIT for [blogs_/api/v1/blogs/get-all]","service":"nirdc-backend","timestamp":"2026-08-10 13:06:34"}
{"level":"debug","message":"⚡ Cache HIT for [blogs_/api/v1/blogs/get-all]","service":"nirdc-backend","timestamp":"2026-08-10 13:06:34"}
{"level":"debug","message":"⚡ Cache HIT for [blogs_/api/v1/blogs/get-all]","service":"nirdc-backend","timestamp":"2026-08-10 13:07:00"}
{"level":"debug","message":"⚡ Cache HIT for [blogs_/api/v1/blogs/get-all]","service":"nirdc-backend","timestamp":"2026-08-10 13:07:00"}
{"level":"debug","message":"⚡ Cache HIT for [announcements_/api/v1/announcements/get-all]","service":"nirdc-backend","timestamp":"2026-08-10 13:07:20"}
{"level":"debug","message":"⚡ Cache HIT for [announcements_/api/v1/announcements/get-all]","service":"nirdc-backend","timestamp":"2026-08-10 13:07:20"}
{"level":"debug","message":"⚡ Cache HIT for [news_/api/v1/news/get-all]","service":"nirdc-backend","timestamp":"2026-08-10 13:07:23"}
{"level":"debug","message":"⚡ Cache HIT for [news_/api/v1/news/get-all]","service":"nirdc-backend","timestamp":"2026-08-10 13:07:23"}
{"level":"debug","message":"⚡ Cache HIT for [news_/api/v1/news/get-all]","service":"nirdc-backend","timestamp":"2026-08-10 13:07:28"}
{"level":"debug","message":"⚡ Cache HIT for [news_/api/v1/news/get-all]","service":"nirdc-backend","timestamp":"2026-08-10 13:07:28"}
{"level":"debug","message":"⚡ Cache HIT for [news_/api/v1/news/get-all]","service":"nirdc-backend","timestamp":"2026-08-10 13:08:37"}
{"level":"debug","message":"⚡ Cache HIT for [news_/api/v1/news/get-all]","service":"nirdc-backend","timestamp":"2026-08-10 13:08:37"}
{"level":"debug","message":"⚡ Cache HIT for [announcements_/api/v1/announcements/get-all]","service":"nirdc-backend","timestamp":"2026-08-10 13:08:54"}
{"level":"debug","message":"⚡ Cache HIT for [announcements_/api/v1/announcements/get-all]","service":"nirdc-backend","timestamp":"2026-08-10 13:08:54"}
{"level":"debug","message":"⚡ Cache HIT for [blogs_/api/v1/blogs/get-all]","service":"nirdc-backend","timestamp":"2026-08-10 13:08:56"}
{"level":"debug","message":"⚡ Cache HIT for [blogs_/api/v1/blogs/get-all]","service":"nirdc-backend","timestamp":"2026-08-10 13:08:56"}
{"level":"debug","message":"⚡ Cache HIT for [blogs_/api/v1/blogs/get-all]","service":"nirdc-backend","timestamp":"2026-08-10 13:08:59"}
{"level":"debug","message":"⚡ Cache HIT for [blogs_/api/v1/blogs/get-all]","service":"nirdc-backend","timestamp":"2026-08-10 13:08:59"}
{"level":"debug","message":"⚡ Cache HIT for [blogs_/api/v1/blogs/get-all]","service":"nirdc-backend","timestamp":"2026-08-10 13:09:02"}
{"level":"debug","message":"⚡ Cache HIT for [blogs_/api/v1/blogs/get-all]","service":"nirdc-backend","timestamp":"2026-08-10 13:09:02"}
{"level":"debug","message":"⚡ Cache HIT for [homepage_/api/v1/home-page-details/get-all]","service":"nirdc-backend","timestamp":"2026-08-10 13:09:03"}
{"level":"debug","message":"⚡ Cache HIT for [homepage_/api/v1/home-page-details/get-all]","service":"nirdc-backend","timestamp":"2026-08-10 13:09:03"}
{"level":"debug","message":"⚡ Cache HIT for [news_/api/v1/news/get-all]","service":"nirdc-backend","timestamp":"2026-08-10 13:09:29"}
{"level":"debug","message":"⚡ Cache HIT for [news_/api/v1/news/get-all]","service":"nirdc-backend","timestamp":"2026-08-10 13:09:29"}
{"level":"debug","message":"🔍 Cache MISS for [news_/api/v1/news/get-all]","service":"nirdc-backend","timestamp":"2026-08-10 13:13:08"}
{"level":"debug","message":"⚡ Cache HIT for [news_/api/v1/news/get-all]","service":"nirdc-backend","timestamp":"2026-08-10 13:13:08"}
{"level":"debug","message":"⚡ Cache HIT for [news_/api/v1/news/get-all]","service":"nirdc-backend","timestamp":"2026-08-10 13:15:17"}
{"level":"debug","message":"⚡ Cache HIT for [news_/api/v1/news/get-all]","service":"nirdc-backend","timestamp":"2026-08-10 13:15:17"}
{"level":"debug","message":"🔍 Cache MISS for [news_/api/v1/news/get-all]","service":"nirdc-backend","timestamp":"2026-08-10 13:18:13"}
{"level":"debug","message":"⚡ Cache HIT for [news_/api/v1/news/get-all]","service":"nirdc-backend","timestamp":"2026-08-10 13:18:13"}
{"level":"debug","message":"🔍 Cache MISS for [announcements_/api/v1/announcements/get-all]","service":"nirdc-backend","timestamp":"2026-08-10 13:18:20"}
{"level":"debug","message":"⚡ Cache HIT for [announcements_/api/v1/announcements/get-all]","service":"nirdc-backend","timestamp":"2026-08-10 13:18:20"}
{"level":"debug","message":"🔍 Cache MISS for [blogs_/api/v1/blogs/get-all]","service":"nirdc-backend","timestamp":"2026-08-10 13:18:21"}
{"level":"debug","message":"⚡ Cache HIT for [blogs_/api/v1/blogs/get-all]","service":"nirdc-backend","timestamp":"2026-08-10 13:18:21"}
{"level":"debug","message":"🔍 Cache MISS for [homepage_/api/v1/home-page-details/get-all]","service":"nirdc-backend","timestamp":"2026-08-10 13:18:23"}
{"level":"debug","message":"⚡ Cache HIT for [homepage_/api/v1/home-page-details/get-all]","service":"nirdc-backend","timestamp":"2026-08-10 13:18:23"}
{"level":"debug","message":"⚡ Cache HIT for [announcements_/api/v1/announcements/get-all]","service":"nirdc-backend","timestamp":"2026-08-10 13:22:51"}
{"level":"debug","message":"⚡ Cache HIT for [announcements_/api/v1/announcements/get-all]","service":"nirdc-backend","timestamp":"2026-08-10 13:22:51"}
{"level":"debug","message":"⚡ Cache HIT for [blogs_/api/v1/blogs/get-all]","service":"nirdc-backend","timestamp":"2026-08-10 13:22:53"}
{"level":"debug","message":"⚡ Cache HIT for [blogs_/api/v1/blogs/get-all]","service":"nirdc-backend","timestamp":"2026-08-10 13:22:53"}
{"level":"debug","message":"🔍 Cache MISS for [homepage_/api/v1/home-page-details/get-all]","service":"nirdc-backend","timestamp":"2026-08-10 14:25:18"}
{"level":"debug","message":"⚡ Cache HIT for [homepage_/api/v1/home-page-details/get-all]","service":"nirdc-backend","timestamp":"2026-08-10 14:25:18"}
{"level":"debug","message":"⚡ Cache HIT for [homepage_/api/v1/home-page-details/get-all]","service":"nirdc-backend","timestamp":"2026-08-10 14:25:22"}
{"level":"debug","message":"⚡ Cache HIT for [homepage_/api/v1/home-page-details/get-all]","service":"nirdc-backend","timestamp":"2026-08-10 14:25:22"}
{"level":"debug","message":"🔍 Cache MISS for [news_/api/v1/news/get-all]","service":"nirdc-backend","timestamp":"2026-08-10 14:25:56"}
{"level":"debug","message":"⚡ Cache HIT for [news_/api/v1/news/get-all]","service":"nirdc-backend","timestamp":"2026-08-10 14:25:56"}
{"level":"debug","message":"🔍 Cache MISS for [announcements_/api/v1/announcements/get-all]","service":"nirdc-backend","timestamp":"2026-08-10 14:25:59"}
{"level":"debug","message":"⚡ Cache HIT for [announcements_/api/v1/announcements/get-all]","service":"nirdc-backend","timestamp":"2026-08-10 14:25:59"}
{"level":"debug","message":"🔍 Cache MISS for [blogs_/api/v1/blogs/get-all]","service":"nirdc-backend","timestamp":"2026-08-10 14:26:00"}
{"level":"debug","message":"⚡ Cache HIT for [blogs_/api/v1/blogs/get-all]","service":"nirdc-backend","timestamp":"2026-08-10 14:26:00"}
{"level":"debug","message":"🔍 Cache MISS for [news_/api/v1/news/get-all]","service":"nirdc-backend","timestamp":"2026-08-10 14:57:12"}
{"level":"debug","message":"⚡ Cache HIT for [news_/api/v1/news/get-all]","service":"nirdc-backend","timestamp":"2026-08-10 14:57:12"}
{"level":"debug","message":"🔍 Cache MISS for [announcements_/api/v1/announcements/get-all]","service":"nirdc-backend","timestamp":"2026-08-10 14:57:30"}
{"level":"debug","message":"⚡ Cache HIT for [announcements_/api/v1/announcements/get-all]","service":"nirdc-backend","timestamp":"2026-08-10 14:57:30"}
{"level":"debug","message":"🔍 Cache MISS for [blogs_/api/v1/blogs/get-all]","service":"nirdc-backend","timestamp":"2026-08-10 14:57:35"}
{"level":"debug","message":"⚡ Cache HIT for [blogs_/api/v1/blogs/get-all]","service":"nirdc-backend","timestamp":"2026-08-10 14:57:35"}
{"level":"debug","message":"🔍 Cache MISS for [homepage_/api/v1/home-page-details/get-all]","service":"nirdc-backend","timestamp":"2026-08-10 14:57:43"}
{"level":"debug","message":"⚡ Cache HIT for [homepage_/api/v1/home-page-details/get-all]","service":"nirdc-backend","timestamp":"2026-08-10 14:57:43"}
{"level":"debug","message":"⚡ Cache HIT for [homepage_/api/v1/home-page-details/get-all]","service":"nirdc-backend","timestamp":"2026-08-10 14:59:06"}
{"level":"debug","message":"🔍 Cache MISS for [news_/api/v1/news/get-all]","service":"nirdc-backend","timestamp":"2026-08-10 15:03:19"}
{"level":"debug","message":"⚡ Cache HIT for [news_/api/v1/news/get-all]","service":"nirdc-backend","timestamp":"2026-08-10 15:03:19"}
{"level":"debug","message":"🔍 Cache MISS for [announcements_/api/v1/announcements/get-all]","service":"nirdc-backend","timestamp":"2026-08-10 15:03:43"}
{"level":"debug","message":"⚡ Cache HIT for [announcements_/api/v1/announcements/get-all]","service":"nirdc-backend","timestamp":"2026-08-10 15:03:43"}
{"level":"debug","message":"🔍 Cache MISS for [blogs_/api/v1/blogs/get-all]","service":"nirdc-backend","timestamp":"2026-08-10 15:03:45"}
{"level":"debug","message":"⚡ Cache HIT for [blogs_/api/v1/blogs/get-all]","service":"nirdc-backend","timestamp":"2026-08-10 15:03:45"}
{"level":"debug","message":"🔍 Cache MISS for [homepage_/api/v1/home-page-details/get-all]","service":"nirdc-backend","timestamp":"2026-08-10 15:03:57"}
{"level":"debug","message":"⚡ Cache HIT for [homepage_/api/v1/home-page-details/get-all]","service":"nirdc-backend","timestamp":"2026-08-10 15:03:57"}
{"level":"debug","message":"🔍 Cache MISS for [homepage_/api/v1/home-page-details/get-all]","service":"nirdc-backend","timestamp":"2026-08-10 15:09:09"}
{"level":"debug","message":"⚡ Cache HIT for [homepage_/api/v1/home-page-details/get-all]","service":"nirdc-backend","timestamp":"2026-08-10 15:09:09"}
{"level":"debug","message":"🔍 Cache MISS for [homepage_/api/v1/home-page-details/get-all]","service":"nirdc-backend","timestamp":"2026-08-10 15:16:04"}
{"level":"debug","message":"⚡ Cache HIT for [homepage_/api/v1/home-page-details/get-all]","service":"nirdc-backend","timestamp":"2026-08-10 15:16:04"}
{"level":"debug","message":"⚡ Cache HIT for [homepage_/api/v1/home-page-details/get-all]","service":"nirdc-backend","timestamp":"2026-08-10 15:16:15"}
{"level":"debug","message":"⚡ Cache HIT for [homepage_/api/v1/home-page-details/get-all]","service":"nirdc-backend","timestamp":"2026-08-10 15:16:15"}
{"level":"info","message":"✅ MongoDB connected successfully","service":"nirdc-backend","timestamp":"2026-08-10 15:44:48"}
{"level":"info","message":"✅ Admin initialized","service":"nirdc-backend","timestamp":"2026-08-10 15:44:48"}
{"level":"info","message":"🚀 Server is running on port 5000","service":"nirdc-backend","timestamp":"2026-08-10 15:44:48"}
{"level":"debug","message":"🔍 Cache MISS for [homepage_/api/v1/home-page-details/get-all]","service":"nirdc-backend","timestamp":"2026-08-10 15:46:23"}
{"level":"debug","message":"⚡ Cache HIT for [homepage_/api/v1/home-page-details/get-all]","service":"nirdc-backend","timestamp":"2026-08-10 15:46:23"}
{"level":"debug","message":"🔍 Cache MISS for [homepage_/api/v1/home-page-details/get-all]","service":"nirdc-backend","timestamp":"2026-08-10 15:52:02"}
{"level":"debug","message":"⚡ Cache HIT for [homepage_/api/v1/home-page-details/get-all]","service":"nirdc-backend","timestamp":"2026-08-10 15:52:02"}
{"level":"debug","message":"⚡ Cache HIT for [homepage_/api/v1/home-page-details/get-all]","service":"nirdc-backend","timestamp":"2026-08-10 15:52:05"}
{"level":"debug","message":"⚡ Cache HIT for [homepage_/api/v1/home-page-details/get-all]","service":"nirdc-backend","timestamp":"2026-08-10 15:52:05"}
{"level":"debug","message":"🔍 Cache MISS for [news_/api/v1/news/get-all]","service":"nirdc-backend","timestamp":"2026-08-10 15:52:11"}
{"level":"debug","message":"⚡ Cache HIT for [news_/api/v1/news/get-all]","service":"nirdc-backend","timestamp":"2026-08-10 15:52:11"}
{"level":"debug","message":"🔍 Cache MISS for [announcements_/api/v1/announcements/get-all]","service":"nirdc-backend","timestamp":"2026-08-10 15:52:14"}
{"level":"debug","message":"⚡ Cache HIT for [announcements_/api/v1/announcements/get-all]","service":"nirdc-backend","timestamp":"2026-08-10 15:52:14"}
{"level":"debug","message":"⚡ Cache HIT for [homepage_/api/v1/home-page-details/get-all]","service":"nirdc-backend","timestamp":"2026-08-10 15:52:16"}
{"level":"debug","message":"⚡ Cache HIT for [homepage_/api/v1/home-page-details/get-all]","service":"nirdc-backend","timestamp":"2026-08-10 15:52:16"}
{"level":"debug","message":"⚡ Cache HIT for [homepage_/api/v1/home-page-details/get-all]","service":"nirdc-backend","timestamp":"2026-08-10 15:52:19"}
{"level":"debug","message":"⚡ Cache HIT for [homepage_/api/v1/home-page-details/get-all]","service":"nirdc-backend","timestamp":"2026-08-10 15:52:19"}
{"level":"debug","message":"⚡ Cache HIT for [homepage_/api/v1/home-page-details/get-all]","service":"nirdc-backend","timestamp":"2026-08-10 15:52:23"}
{"level":"debug","message":"⚡ Cache HIT for [homepage_/api/v1/home-page-details/get-all]","service":"nirdc-backend","timestamp":"2026-08-10 15:52:23"}
{"level":"debug","message":"⚡ Cache HIT for [news_/api/v1/news/get-all]","service":"nirdc-backend","timestamp":"2026-08-10 15:52:26"}
{"level":"debug","message":"⚡ Cache HIT for [news_/api/v1/news/get-all]","service":"nirdc-backend","timestamp":"2026-08-10 15:52:26"}
{"level":"debug","message":"⚡ Cache HIT for [announcements_/api/v1/announcements/get-all]","service":"nirdc-backend","timestamp":"2026-08-10 15:52:30"}
{"level":"debug","message":"⚡ Cache HIT for [announcements_/api/v1/announcements/get-all]","service":"nirdc-backend","timestamp":"2026-08-10 15:52:30"}
{"level":"debug","message":"⚡ Cache HIT for [homepage_/api/v1/home-page-details/get-all]","service":"nirdc-backend","timestamp":"2026-08-10 15:52:33"}
{"level":"debug","message":"⚡ Cache HIT for [homepage_/api/v1/home-page-details/get-all]","service":"nirdc-backend","timestamp":"2026-08-10 15:52:33"}
{"level":"debug","message":"⚡ Cache HIT for [homepage_/api/v1/home-page-details/get-all]","service":"nirdc-backend","timestamp":"2026-08-10 15:54:31"}
{"level":"debug","message":"⚡ Cache HIT for [homepage_/api/v1/home-page-details/get-all]","service":"nirdc-backend","timestamp":"2026-08-10 15:54:31"}
{"level":"debug","message":"⚡ Cache HIT for [homepage_/api/v1/home-page-details/get-all]","service":"nirdc-backend","timestamp":"2026-08-10 15:54:34"}
{"level":"debug","message":"⚡ Cache HIT for [homepage_/api/v1/home-page-details/get-all]","service":"nirdc-backend","timestamp":"2026-08-10 15:54:34"}
{"error":"querySrv ECONNREFUSED _mongodb._tcp.nirdc.w93v9o8.mongodb.net","level":"error","message":"❌ Failed to connect to MongoDB:","service":"nirdc-backend","timestamp":"2026-08-20 09:09:33"}
{"level":"info","message":"✅ MongoDB connected successfully","service":"nirdc-backend","timestamp":"2026-08-20 13:01:41"}
{"level":"info","message":"✅ Admin initialized","service":"nirdc-backend","timestamp":"2026-08-20 13:01:42"}
{"level":"info","message":"🚀 Server is running on port 5000","service":"nirdc-backend","timestamp":"2026-08-20 13:01:42"}
{"level":"info","message":"✅ MongoDB connected successfully","service":"nirdc-backend","timestamp":"2026-08-20 13:02:41"}
{"level":"info","message":"✅ Admin initialized","service":"nirdc-backend","timestamp":"2026-08-20 13:02:42"}
{"level":"info","message":"✅ MongoDB connected successfully","service":"nirdc-backend","timestamp":"2026-08-20 13:03:58"}
{"level":"info","message":"✅ Admin initialized","service":"nirdc-backend","timestamp":"2026-08-20 13:03:59"}
{"level":"info","message":"✅ MongoDB connected successfully","service":"nirdc-backend","timestamp":"2026-08-20 13:04:43"}
{"level":"info","message":"✅ Admin initialized","service":"nirdc-backend","timestamp":"2026-08-20 13:04:43"}
{"level":"info","message":"🚀 Server is running on port 4000","service":"nirdc-backend","timestamp":"2026-08-20 13:04:43"}
{"level":"debug","message":"🔍 Cache MISS for [homepage_/api/v1/home-page-details/get-all]","service":"nirdc-backend","timestamp":"2026-08-20 13:05:31"}
{"level":"debug","message":"⚡ Cache HIT for [homepage_/api/v1/home-page-details/get-all]","service":"nirdc-backend","timestamp":"2026-08-20 13:05:31"}
{"level":"debug","message":"🔍 Cache MISS for [homepage_/api/v1/home-page-details/get-all]","service":"nirdc-backend","timestamp":"2026-08-20 13:49:12"}
{"level":"debug","message":"⚡ Cache HIT for [homepage_/api/v1/home-page-details/get-all]","service":"nirdc-backend","timestamp":"2026-08-20 13:49:12"}
{"level":"debug","message":"⚡ Cache HIT for [homepage_/api/v1/home-page-details/get-all]","service":"nirdc-backend","timestamp":"2026-08-20 13:53:34"}
{"level":"debug","message":"⚡ Cache HIT for [homepage_/api/v1/home-page-details/get-all]","service":"nirdc-backend","timestamp":"2026-08-20 13:53:34"}
{"level":"debug","message":"⚡ Cache HIT for [homepage_/api/v1/home-page-details/get-all]","service":"nirdc-backend","timestamp":"2026-08-20 13:53:44"}
{"level":"debug","message":"⚡ Cache HIT for [homepage_/api/v1/home-page-details/get-all]","service":"nirdc-backend","timestamp":"2026-08-20 13:53:44"}
{"level":"debug","message":"⚡ Cache HIT for [homepage_/api/v1/home-page-details/get-all]","service":"nirdc-backend","timestamp":"2026-08-20 13:53:55"}
{"level":"debug","message":"⚡ Cache HIT for [homepage_/api/v1/home-page-details/get-all]","service":"nirdc-backend","timestamp":"2026-08-20 13:53:55"}
{"level":"debug","message":"🔍 Cache MISS for [homepage_/api/v1/home-page-details/get-all]","service":"nirdc-backend","timestamp":"2026-08-20 14:05:27"}
{"level":"debug","message":"⚡ Cache HIT for [homepage_/api/v1/home-page-details/get-all]","service":"nirdc-backend","timestamp":"2026-08-20 14:05:27"}
{"level":"debug","message":"⚡ Cache HIT for [homepage_/api/v1/home-page-details/get-all]","service":"nirdc-backend","timestamp":"2026-08-20 14:06:04"}
{"level":"debug","message":"⚡ Cache HIT for [homepage_/api/v1/home-page-details/get-all]","service":"nirdc-backend","timestamp":"2026-08-20 14:06:04"}
{"level":"debug","message":"⚡ Cache HIT for [homepage_/api/v1/home-page-details/get-all]","service":"nirdc-backend","timestamp":"2026-08-20 14:07:35"}
{"level":"debug","message":"⚡ Cache HIT for [homepage_/api/v1/home-page-details/get-all]","service":"nirdc-backend","timestamp":"2026-08-20 14:07:35"}
{"level":"debug","message":"🔍 Cache MISS for [homepage_/api/v1/home-page-details/get-all]","service":"nirdc-backend","timestamp":"2026-08-20 14:10:54"}
{"level":"debug","message":"⚡ Cache HIT for [homepage_/api/v1/home-page-details/get-all]","service":"nirdc-backend","timestamp":"2026-08-20 14:10:54"}
{"level":"debug","message":"🔍 Cache MISS for [homepage_/api/v1/home-page-details/get-all]","service":"nirdc-backend","timestamp":"2026-08-20 14:22:36"}
{"level":"debug","message":"⚡ Cache HIT for [homepage_/api/v1/home-page-details/get-all]","service":"nirdc-backend","timestamp":"2026-08-20 14:22:36"}
{"level":"debug","message":"🔍 Cache MISS for [news_/api/v1/news/get-all]","service":"nirdc-backend","timestamp":"2026-08-20 14:23:21"}
{"level":"debug","message":"⚡ Cache HIT for [news_/api/v1/news/get-all]","service":"nirdc-backend","timestamp":"2026-08-20 14:23:21"}
{"level":"debug","message":"⚡ Cache HIT for [news_/api/v1/news/get-all]","service":"nirdc-backend","timestamp":"2026-08-20 14:23:40"}
{"level":"debug","message":"🔍 Cache MISS for [announcements_/api/v1/announcements/get-all]","service":"nirdc-backend","timestamp":"2026-08-20 14:35:01"}
{"level":"debug","message":"⚡ Cache HIT for [announcements_/api/v1/announcements/get-all]","service":"nirdc-backend","timestamp":"2026-08-20 14:35:01"}
{"level":"debug","message":"🔍 Cache MISS for [homepage_/api/v1/home-page-details/get-all]","service":"nirdc-backend","timestamp":"2026-08-20 14:35:12"}
{"level":"debug","message":"⚡ Cache HIT for [homepage_/api/v1/home-page-details/get-all]","service":"nirdc-backend","timestamp":"2026-08-20 14:35:12"}
{"level":"debug","message":"⚡ Cache HIT for [homepage_/api/v1/home-page-details/get-all]","service":"nirdc-backend","timestamp":"2026-08-20 14:39:15"}
{"level":"debug","message":"⚡ Cache HIT for [homepage_/api/v1/home-page-details/get-all]","service":"nirdc-backend","timestamp":"2026-08-20 14:39:15"}
{"level":"debug","message":"⚡ Cache HIT for [homepage_/api/v1/home-page-details/get-all]","service":"nirdc-backend","timestamp":"2026-08-20 14:39:17"}
{"level":"debug","message":"⚡ Cache HIT for [homepage_/api/v1/home-page-details/get-all]","service":"nirdc-backend","timestamp":"2026-08-20 14:39:17"}
{"level":"debug","message":"🔍 Cache MISS for [homepage_/api/v1/home-page-details/get-all]","service":"nirdc-backend","timestamp":"2026-08-20 14:53:17"}
{"level":"debug","message":"⚡ Cache HIT for [homepage_/api/v1/home-page-details/get-all]","service":"nirdc-backend","timestamp":"2026-08-20 14:53:17"}
{"level":"debug","message":"⚡ Cache HIT for [homepage_/api/v1/home-page-details/get-all]","service":"nirdc-backend","timestamp":"2026-08-20 14:53:21"}
{"level":"debug","message":"⚡ Cache HIT for [homepage_/api/v1/home-page-details/get-all]","service":"nirdc-backend","timestamp":"2026-08-20 14:53:21"}
{"level":"debug","message":"⚡ Cache HIT for [homepage_/api/v1/home-page-details/get-all]","service":"nirdc-backend","timestamp":"2026-08-20 14:54:53"}
{"level":"debug","message":"⚡ Cache HIT for [homepage_/api/v1/home-page-details/get-all]","service":"nirdc-backend","timestamp":"2026-08-20 14:55:04"}
{"level":"debug","message":"⚡ Cache HIT for [homepage_/api/v1/home-page-details/get-all]","service":"nirdc-backend","timestamp":"2026-08-20 14:55:04"}
{"level":"debug","message":"⚡ Cache HIT for [homepage_/api/v1/home-page-details/get-all]","service":"nirdc-backend","timestamp":"2026-08-20 14:55:07"}
{"level":"debug","message":"⚡ Cache HIT for [homepage_/api/v1/home-page-details/get-all]","service":"nirdc-backend","timestamp":"2026-08-20 14:55:07"}
{"level":"debug","message":"⚡ Cache HIT for [homepage_/api/v1/home-page-details/get-all]","service":"nirdc-backend","timestamp":"2026-08-20 14:55:22"}
{"level":"debug","message":"⚡ Cache HIT for [homepage_/api/v1/home-page-details/get-all]","service":"nirdc-backend","timestamp":"2026-08-20 14:55:32"}
{"level":"debug","message":"⚡ Cache HIT for [homepage_/api/v1/home-page-details/get-all]","service":"nirdc-backend","timestamp":"2026-08-20 14:55:32"}
{"level":"debug","message":"🔍 Cache MISS for [homepage_/api/v1/home-page-details/get-all]","service":"nirdc-backend","timestamp":"2026-08-20 15:03:43"}
{"level":"debug","message":"⚡ Cache HIT for [homepage_/api/v1/home-page-details/get-all]","service":"nirdc-backend","timestamp":"2026-08-20 15:03:43"}
{"level":"debug","message":"⚡ Cache HIT for [homepage_/api/v1/home-page-details/get-all]","service":"nirdc-backend","timestamp":"2026-08-20 15:03:48"}
{"level":"debug","message":"⚡ Cache HIT for [homepage_/api/v1/home-page-details/get-all]","service":"nirdc-backend","timestamp":"2026-08-20 15:03:48"}
{"level":"debug","message":"🔍 Cache MISS for [announcements_/api/v1/announcements/get-all]","service":"nirdc-backend","timestamp":"2026-08-20 15:11:52"}
{"level":"debug","message":"⚡ Cache HIT for [announcements_/api/v1/announcements/get-all]","service":"nirdc-backend","timestamp":"2026-08-20 15:11:52"}
{"level":"debug","message":"🔍 Cache MISS for [blogs_/api/v1/blogs/get-all]","service":"nirdc-backend","timestamp":"2026-08-20 15:11:54"}
{"level":"debug","message":"⚡ Cache HIT for [blogs_/api/v1/blogs/get-all]","service":"nirdc-backend","timestamp":"2026-08-20 15:11:54"}
{"level":"debug","message":"🔍 Cache MISS for [homepage_/api/v1/home-page-details/get-all]","service":"nirdc-backend","timestamp":"2026-08-20 15:24:41"}
{"level":"debug","message":"⚡ Cache HIT for [homepage_/api/v1/home-page-details/get-all]","service":"nirdc-backend","timestamp":"2026-08-20 15:24:41"}
{"level":"debug","message":"⚡ Cache HIT for [homepage_/api/v1/home-page-details/get-all]","service":"nirdc-backend","timestamp":"2026-08-20 15:24:44"}
{"level":"debug","message":"⚡ Cache HIT for [homepage_/api/v1/home-page-details/get-all]","service":"nirdc-backend","timestamp":"2026-08-20 15:24:44"}
{"level":"debug","message":"⚡ Cache HIT for [homepage_/api/v1/home-page-details/get-all]","service":"nirdc-backend","timestamp":"2026-08-20 15:26:27"}
{"level":"debug","message":"⚡ Cache HIT for [homepage_/api/v1/home-page-details/get-all]","service":"nirdc-backend","timestamp":"2026-08-20 15:26:27"}
{"level":"debug","message":"🔍 Cache MISS for [news_/api/v1/news/get-all]","service":"nirdc-backend","timestamp":"2026-08-20 15:27:42"}
{"level":"debug","message":"⚡ Cache HIT for [news_/api/v1/news/get-all]","service":"nirdc-backend","timestamp":"2026-08-20 15:27:43"}
{"level":"debug","message":"🔍 Cache MISS for [announcements_/api/v1/announcements/get-all]","service":"nirdc-backend","timestamp":"2026-08-20 15:27:48"}
{"level":"debug","message":"⚡ Cache HIT for [announcements_/api/v1/announcements/get-all]","service":"nirdc-backend","timestamp":"2026-08-20 15:27:48"}
{"level":"debug","message":"⚡ Cache HIT for [homepage_/api/v1/home-page-details/get-all]","service":"nirdc-backend","timestamp":"2026-08-20 15:27:52"}
{"level":"debug","message":"⚡ Cache HIT for [homepage_/api/v1/home-page-details/get-all]","service":"nirdc-backend","timestamp":"2026-08-20 15:27:52"}
{"level":"debug","message":"⚡ Cache HIT for [homepage_/api/v1/home-page-details/get-all]","service":"nirdc-backend","timestamp":"2026-08-20 15:28:18"}
{"level":"debug","message":"⚡ Cache HIT for [homepage_/api/v1/home-page-details/get-all]","service":"nirdc-backend","timestamp":"2026-08-20 15:28:18"}
{"level":"debug","message":"⚡ Cache HIT for [homepage_/api/v1/home-page-details/get-all]","service":"nirdc-backend","timestamp":"2026-08-20 15:28:23"}
{"level":"debug","message":"⚡ Cache HIT for [homepage_/api/v1/home-page-details/get-all]","service":"nirdc-backend","timestamp":"2026-08-20 15:28:23"}
{"level":"debug","message":"⚡ Cache HIT for [homepage_/api/v1/home-page-details/get-all]","service":"nirdc-backend","timestamp":"2026-08-20 15:28:40"}
{"level":"debug","message":"⚡ Cache HIT for [homepage_/api/v1/home-page-details/get-all]","service":"nirdc-backend","timestamp":"2026-08-20 15:28:40"}
{"level":"info","message":"✅ MongoDB connected successfully","service":"nirdc-backend","timestamp":"2026-08-20 17:34:19"}
{"level":"info","message":"✅ Admin initialized","service":"nirdc-backend","timestamp":"2026-08-20 17:34:20"}
{"level":"info","message":"🚀 Server is running on port 4000","service":"nirdc-backend","timestamp":"2026-08-20 17:34:20"}
{"level":"debug","message":"🔍 Cache MISS for [homepage_/api/v1/home-page-details/get-all]","service":"nirdc-backend","timestamp":"2026-08-20 17:35:04"}
{"level":"debug","message":"⚡ Cache HIT for [homepage_/api/v1/home-page-details/get-all]","service":"nirdc-backend","timestamp":"2026-08-20 17:35:04"}
{"level":"debug","message":"⚡ Cache HIT for [homepage_/api/v1/home-page-details/get-all]","service":"nirdc-backend","timestamp":"2026-08-20 17:35:10"}
{"level":"debug","message":"⚡ Cache HIT for [homepage_/api/v1/home-page-details/get-all]","service":"nirdc-backend","timestamp":"2026-08-20 17:35:10"}
{"level":"debug","message":"⚡ Cache HIT for [homepage_/api/v1/home-page-details/get-all]","service":"nirdc-backend","timestamp":"2026-08-20 17:35:48"}
{"level":"debug","message":"⚡ Cache HIT for [homepage_/api/v1/home-page-details/get-all]","service":"nirdc-backend","timestamp":"2026-08-20 17:35:48"}
{"level":"debug","message":"⚡ Cache HIT for [homepage_/api/v1/home-page-details/get-all]","service":"nirdc-backend","timestamp":"2026-08-20 17:36:31"}
{"level":"debug","message":"⚡ Cache HIT for [homepage_/api/v1/home-page-details/get-all]","service":"nirdc-backend","timestamp":"2026-08-20 17:36:31"}
{"level":"debug","message":"⚡ Cache HIT for [homepage_/api/v1/home-page-details/get-all]","service":"nirdc-backend","timestamp":"2026-08-20 17:36:41"}
{"level":"debug","message":"⚡ Cache HIT for [homepage_/api/v1/home-page-details/get-all]","service":"nirdc-backend","timestamp":"2026-08-20 17:36:41"}
{"level":"debug","message":"⚡ Cache HIT for [homepage_/api/v1/home-page-details/get-all]","service":"nirdc-backend","timestamp":"2026-08-20 17:36:42"}
{"level":"debug","message":"⚡ Cache HIT for [homepage_/api/v1/home-page-details/get-all]","service":"nirdc-backend","timestamp":"2026-08-20 17:36:42"}
{"level":"debug","message":"⚡ Cache HIT for [homepage_/api/v1/home-page-details/get-all]","service":"nirdc-backend","timestamp":"2026-08-20 17:36:42"}
{"level":"debug","message":"⚡ Cache HIT for [homepage_/api/v1/home-page-details/get-all]","service":"nirdc-backend","timestamp":"2026-08-20 17:36:42"}
{"level":"debug","message":"⚡ Cache HIT for [homepage_/api/v1/home-page-details/get-all]","service":"nirdc-backend","timestamp":"2026-08-20 17:36:42"}
{"level":"debug","message":"⚡ Cache HIT for [homepage_/api/v1/home-page-details/get-all]","service":"nirdc-backend","timestamp":"2026-08-20 17:36:42"}
{"level":"debug","message":"⚡ Cache HIT for [homepage_/api/v1/home-page-details/get-all]","service":"nirdc-backend","timestamp":"2026-08-20 17:36:42"}
{"level":"debug","message":"⚡ Cache HIT for [homepage_/api/v1/home-page-details/get-all]","service":"nirdc-backend","timestamp":"2026-08-20 17:36:42"}
{"level":"debug","message":"⚡ Cache HIT for [homepage_/api/v1/home-page-details/get-all]","service":"nirdc-backend","timestamp":"2026-08-20 17:37:00"}
{"level":"debug","message":"⚡ Cache HIT for [homepage_/api/v1/home-page-details/get-all]","service":"nirdc-backend","timestamp":"2026-08-20 17:37:00"}
{"level":"debug","message":"⚡ Cache HIT for [homepage_/api/v1/home-page-details/get-all]","service":"nirdc-backend","timestamp":"2026-08-20 17:37:14"}
{"level":"debug","message":"⚡ Cache HIT for [homepage_/api/v1/home-page-details/get-all]","service":"nirdc-backend","timestamp":"2026-08-20 17:37:14"}
{"level":"debug","message":"⚡ Cache HIT for [homepage_/api/v1/home-page-details/get-all]","service":"nirdc-backend","timestamp":"2026-08-20 17:37:14"}
{"level":"debug","message":"⚡ Cache HIT for [homepage_/api/v1/home-page-details/get-all]","service":"nirdc-backend","timestamp":"2026-08-20 17:37:14"}
{"level":"debug","message":"⚡ Cache HIT for [homepage_/api/v1/home-page-details/get-all]","service":"nirdc-backend","timestamp":"2026-08-20 17:37:14"}
{"level":"debug","message":"⚡ Cache HIT for [homepage_/api/v1/home-page-details/get-all]","service":"nirdc-backend","timestamp":"2026-08-20 17:37:14"}
{"level":"debug","message":"⚡ Cache HIT for [homepage_/api/v1/home-page-details/get-all]","service":"nirdc-backend","timestamp":"2026-08-20 17:37:14"}
{"level":"debug","message":"⚡ Cache HIT for [homepage_/api/v1/home-page-details/get-all]","service":"nirdc-backend","timestamp":"2026-08-20 17:37:14"}
{"level":"debug","message":"⚡ Cache HIT for [homepage_/api/v1/home-page-details/get-all]","service":"nirdc-backend","timestamp":"2026-08-20 17:37:14"}
{"level":"debug","message":"⚡ Cache HIT for [homepage_/api/v1/home-page-details/get-all]","service":"nirdc-backend","timestamp":"2026-08-20 17:37:14"}
{"level":"debug","message":"⚡ Cache HIT for [homepage_/api/v1/home-page-details/get-all]","service":"nirdc-backend","timestamp":"2026-08-20 17:37:50"}
{"level":"debug","message":"⚡ Cache HIT for [homepage_/api/v1/home-page-details/get-all]","service":"nirdc-backend","timestamp":"2026-08-20 17:37:50"}
{"level":"debug","message":"⚡ Cache HIT for [homepage_/api/v1/home-page-details/get-all]","service":"nirdc-backend","timestamp":"2026-08-20 17:39:26"}
{"level":"debug","message":"⚡ Cache HIT for [homepage_/api/v1/home-page-details/get-all]","service":"nirdc-backend","timestamp":"2026-08-20 17:39:26"}
{"level":"debug","message":"⚡ Cache HIT for [homepage_/api/v1/home-page-details/get-all]","service":"nirdc-backend","timestamp":"2026-08-20 17:39:35"}
{"level":"debug","message":"⚡ Cache HIT for [homepage_/api/v1/home-page-details/get-all]","service":"nirdc-backend","timestamp":"2026-08-20 17:39:35"}
{"level":"debug","message":"🔍 Cache MISS for [homepage_/api/v1/home-page-details/get-all]","service":"nirdc-backend","timestamp":"2026-08-20 17:40:40"}
{"level":"debug","message":"⚡ Cache HIT for [homepage_/api/v1/home-page-details/get-all]","service":"nirdc-backend","timestamp":"2026-08-20 17:41:45"}
{"level":"debug","message":"⚡ Cache HIT for [homepage_/api/v1/home-page-details/get-all]","service":"nirdc-backend","timestamp":"2026-08-20 17:41:56"}
{"level":"debug","message":"⚡ Cache HIT for [homepage_/api/v1/home-page-details/get-all]","service":"nirdc-backend","timestamp":"2026-08-20 17:41:56"}
{"level":"debug","message":"🔍 Cache MISS for [homepage_/api/v1/home-page-details/get-all]","service":"nirdc-backend","timestamp":"2026-08-20 17:46:59"}
{"level":"debug","message":"⚡ Cache HIT for [homepage_/api/v1/home-page-details/get-all]","service":"nirdc-backend","timestamp":"2026-08-20 17:46:59"}
{"level":"debug","message":"⚡ Cache HIT for [homepage_/api/v1/home-page-details/get-all]","service":"nirdc-backend","timestamp":"2026-08-20 17:51:25"}
{"level":"debug","message":"⚡ Cache HIT for [homepage_/api/v1/home-page-details/get-all]","service":"nirdc-backend","timestamp":"2026-08-20 17:51:25"}
{"level":"info","message":"✅ MongoDB connected successfully","service":"nirdc-backend","timestamp":"2026-08-20 18:08:44"}
{"level":"info","message":"✅ Admin initialized","service":"nirdc-backend","timestamp":"2026-08-20 18:08:45"}
{"level":"info","message":"🚀 Server is running on port 4000","service":"nirdc-backend","timestamp":"2026-08-20 18:08:45"}
{"level":"debug","message":"🔍 Cache MISS for [downloads_/api/v1/downloads/get-all]","service":"nirdc-backend","timestamp":"2026-08-20 18:08:50"}
{"level":"debug","message":"⚡ Cache HIT for [downloads_/api/v1/downloads/get-all]","service":"nirdc-backend","timestamp":"2026-08-20 18:08:50"}
{"level":"debug","message":"🔍 Cache MISS for [announcements_/api/v1/announcements/get-all]","service":"nirdc-backend","timestamp":"2026-08-20 18:10:20"}
{"level":"debug","message":"⚡ Cache HIT for [announcements_/api/v1/announcements/get-all]","service":"nirdc-backend","timestamp":"2026-08-20 18:10:20"}
{"level":"debug","message":"⚡ Cache HIT for [downloads_/api/v1/downloads/get-all]","service":"nirdc-backend","timestamp":"2026-08-20 18:10:24"}
{"level":"debug","message":"⚡ Cache HIT for [downloads_/api/v1/downloads/get-all]","service":"nirdc-backend","timestamp":"2026-08-20 18:10:24"}
{"level":"debug","message":"⚡ Cache HIT for [downloads_/api/v1/downloads/get-all]","service":"nirdc-backend","timestamp":"2026-08-20 18:10:42"}
{"level":"debug","message":"⚡ Cache HIT for [downloads_/api/v1/downloads/get-all]","service":"nirdc-backend","timestamp":"2026-08-20 18:10:42"}
{"level":"debug","message":"🔍 Cache MISS for [downloads_/api/v1/downloads/get-all]","service":"nirdc-backend","timestamp":"2026-08-20 18:11:16"}
{"level":"debug","message":"⚡ Cache HIT for [downloads_/api/v1/downloads/get-all]","service":"nirdc-backend","timestamp":"2026-08-20 18:11:16"}
{"level":"debug","message":"⚡ Cache HIT for [downloads_/api/v1/downloads/get-all]","service":"nirdc-backend","timestamp":"2026-08-20 18:11:21"}
{"level":"debug","message":"⚡ Cache HIT for [downloads_/api/v1/downloads/get-all]","service":"nirdc-backend","timestamp":"2026-08-20 18:11:32"}
{"level":"debug","message":"⚡ Cache HIT for [downloads_/api/v1/downloads/get-all]","service":"nirdc-backend","timestamp":"2026-08-20 18:11:32"}
{"level":"debug","message":"🔍 Cache MISS for [homepage_/api/v1/home-page-details/get-all]","service":"nirdc-backend","timestamp":"2026-08-20 18:11:39"}
{"level":"debug","message":"⚡ Cache HIT for [downloads_/api/v1/downloads/get-all]","service":"nirdc-backend","timestamp":"2026-08-20 18:11:39"}
{"level":"debug","message":"⚡ Cache HIT for [homepage_/api/v1/home-page-details/get-all]","service":"nirdc-backend","timestamp":"2026-08-20 18:11:39"}
{"level":"debug","message":"⚡ Cache HIT for [downloads_/api/v1/downloads/get-all]","service":"nirdc-backend","timestamp":"2026-08-20 18:11:39"}
{"level":"debug","message":"⚡ Cache HIT for [downloads_/api/v1/downloads/get-all]","service":"nirdc-backend","timestamp":"2026-08-20 18:13:04"}
{"level":"debug","message":"⚡ Cache HIT for [downloads_/api/v1/downloads/get-all]","service":"nirdc-backend","timestamp":"2026-08-20 18:13:04"}
{"level":"debug","message":"⚡ Cache HIT for [homepage_/api/v1/home-page-details/get-all]","service":"nirdc-backend","timestamp":"2026-08-20 18:13:14"}
{"level":"debug","message":"⚡ Cache HIT for [homepage_/api/v1/home-page-details/get-all]","service":"nirdc-backend","timestamp":"2026-08-20 18:13:14"}
{"error":"querySrv ECONNREFUSED _mongodb._tcp.nirdc.w93v9o8.mongodb.net","level":"error","message":"❌ Failed to connect to MongoDB:","service":"nirdc-backend","timestamp":"2026-08-20 20:27:28"}
{"error":"querySrv ECONNREFUSED _mongodb._tcp.nirdc.w93v9o8.mongodb.net","level":"error","message":"❌ Failed to connect to MongoDB:","service":"nirdc-backend","timestamp":"2026-08-24 09:32:23"}
{"error":"querySrv ECONNREFUSED _mongodb._tcp.nirdc.w93v9o8.mongodb.net","level":"error","message":"❌ Failed to connect to MongoDB:","service":"nirdc-backend","timestamp":"2026-08-24 09:32:36"}
{"error":"querySrv ECONNREFUSED _mongodb._tcp.nirdc.w93v9o8.mongodb.net","level":"error","message":"❌ Failed to connect to MongoDB:","service":"nirdc-backend","timestamp":"2026-08-24 09:33:09"}
{"level":"info","message":"✅ MongoDB connected successfully","service":"nirdc-backend","timestamp":"2026-08-24 09:33:28"}
{"level":"info","message":"✅ Admin initialized","service":"nirdc-backend","timestamp":"2026-08-24 09:33:29"}
{"level":"info","message":"🚀 Server is running on port 4000","service":"nirdc-backend","timestamp":"2026-08-24 09:33:29"}
{"level":"info","message":"✅ MongoDB connected successfully","service":"nirdc-backend","timestamp":"2026-08-24 09:33:49"}
{"level":"info","message":"✅ Admin initialized","service":"nirdc-backend","timestamp":"2026-08-24 09:33:49"}
{"level":"info","message":"🚀 Server is running on port 4000","service":"nirdc-backend","timestamp":"2026-08-24 09:33:49"}
{"level":"debug","message":"🔍 Cache MISS for [homepage_/api/v1/home-page-details/get-all]","service":"nirdc-backend","timestamp":"2026-08-24 09:33:54"}
{"level":"debug","message":"⚡ Cache HIT for [homepage_/api/v1/home-page-details/get-all]","service":"nirdc-backend","timestamp":"2026-08-24 09:33:54"}
{"level":"debug","message":"⚡ Cache HIT for [homepage_/api/v1/home-page-details/get-all]","service":"nirdc-backend","timestamp":"2026-08-24 09:36:54"}
{"level":"debug","message":"⚡ Cache HIT for [homepage_/api/v1/home-page-details/get-all]","service":"nirdc-backend","timestamp":"2026-08-24 09:36:54"}
{"level":"debug","message":"⚡ Cache HIT for [homepage_/api/v1/home-page-details/get-all]","service":"nirdc-backend","timestamp":"2026-08-24 09:37:17"}
{"level":"debug","message":"⚡ Cache HIT for [homepage_/api/v1/home-page-details/get-all]","service":"nirdc-backend","timestamp":"2026-08-24 09:37:17"}
{"level":"debug","message":"🔍 Cache MISS for [downloads_/api/v1/downloads/get-all]","service":"nirdc-backend","timestamp":"2026-08-24 09:37:26"}
{"level":"debug","message":"⚡ Cache HIT for [homepage_/api/v1/home-page-details/get-all]","service":"nirdc-backend","timestamp":"2026-08-24 09:37:26"}
{"level":"debug","message":"⚡ Cache HIT for [homepage_/api/v1/home-page-details/get-all]","service":"nirdc-backend","timestamp":"2026-08-24 09:37:26"}
{"level":"debug","message":"⚡ Cache HIT for [downloads_/api/v1/downloads/get-all]","service":"nirdc-backend","timestamp":"2026-08-24 09:37:26"}
{"level":"debug","message":"🔍 Cache MISS for [news_/api/v1/news/get-all]","service":"nirdc-backend","timestamp":"2026-08-24 09:37:45"}
{"level":"debug","message":"⚡ Cache HIT for [news_/api/v1/news/get-all]","service":"nirdc-backend","timestamp":"2026-08-24 09:37:45"}
{"level":"debug","message":"🔍 Cache MISS for [announcements_/api/v1/announcements/get-all]","service":"nirdc-backend","timestamp":"2026-08-24 09:37:52"}
{"level":"debug","message":"⚡ Cache HIT for [announcements_/api/v1/announcements/get-all]","service":"nirdc-backend","timestamp":"2026-08-24 09:37:52"}
{"level":"debug","message":"⚡ Cache HIT for [announcements_/api/v1/announcements/get-all]","service":"nirdc-backend","timestamp":"2026-08-24 09:38:01"}
{"level":"debug","message":"⚡ Cache HIT for [announcements_/api/v1/announcements/get-all]","service":"nirdc-backend","timestamp":"2026-08-24 09:38:01"}
{"level":"debug","message":"⚡ Cache HIT for [homepage_/api/v1/home-page-details/get-all]","service":"nirdc-backend","timestamp":"2026-08-24 09:38:03"}
{"level":"debug","message":"⚡ Cache HIT for [homepage_/api/v1/home-page-details/get-all]","service":"nirdc-backend","timestamp":"2026-08-24 09:38:03"}
{"level":"debug","message":"⚡ Cache HIT for [news_/api/v1/news/get-all]","service":"nirdc-backend","timestamp":"2026-08-24 09:38:05"}
{"level":"debug","message":"⚡ Cache HIT for [news_/api/v1/news/get-all]","service":"nirdc-backend","timestamp":"2026-08-24 09:38:05"}
{"level":"debug","message":"🔍 Cache MISS for [news_/api/v1/news/get-by-id/6a82a9cf3ffe76ac16089289]","service":"nirdc-backend","timestamp":"2026-08-24 09:38:07"}
{"level":"debug","message":"⚡ Cache HIT for [news_/api/v1/news/get-by-id/6a82a9cf3ffe76ac16089289]","service":"nirdc-backend","timestamp":"2026-08-24 09:38:07"}
{"level":"debug","message":"⚡ Cache HIT for [news_/api/v1/news/get-all]","service":"nirdc-backend","timestamp":"2026-08-24 09:38:12"}
{"level":"debug","message":"⚡ Cache HIT for [news_/api/v1/news/get-all]","service":"nirdc-backend","timestamp":"2026-08-24 09:38:12"}
{"level":"debug","message":"⚡ Cache HIT for [announcements_/api/v1/announcements/get-all]","service":"nirdc-backend","timestamp":"2026-08-24 09:38:15"}
{"level":"debug","message":"⚡ Cache HIT for [announcements_/api/v1/announcements/get-all]","service":"nirdc-backend","timestamp":"2026-08-24 09:38:15"}
{"level":"debug","message":"⚡ Cache HIT for [announcements_/api/v1/announcements/get-all]","service":"nirdc-backend","timestamp":"2026-08-24 09:40:31"}
{"level":"debug","message":"⚡ Cache HIT for [announcements_/api/v1/announcements/get-all]","service":"nirdc-backend","timestamp":"2026-08-24 09:40:31"}
{"level":"debug","message":"🔍 Cache MISS for [announcements_/api/v1/announcements/get-by-id/6a82aaef1999ed7d6676ccab]","service":"nirdc-backend","timestamp":"2026-08-24 09:40:33"}
{"level":"debug","message":"⚡ Cache HIT for [announcements_/api/v1/announcements/get-by-id/6a82aaef1999ed7d6676ccab]","service":"nirdc-backend","timestamp":"2026-08-24 09:40:33"}
{"level":"info","message":"✅ MongoDB connected successfully","service":"nirdc-backend","timestamp":"2026-08-24 10:02:59"}
{"level":"info","message":"✅ Admin initialized","service":"nirdc-backend","timestamp":"2026-08-24 10:03:00"}
{"level":"info","message":"🚀 Server is running on port 4000","service":"nirdc-backend","timestamp":"2026-08-24 10:03:00"}
{"level":"debug","message":"🔍 Cache MISS for [announcements_/api/v1/announcements/get-by-id/6a82aaef1999ed7d6676ccab]","service":"nirdc-backend","timestamp":"2026-08-24 10:03:14"}
{"level":"debug","message":"⚡ Cache HIT for [announcements_/api/v1/announcements/get-by-id/6a82aaef1999ed7d6676ccab]","service":"nirdc-backend","timestamp":"2026-08-24 10:03:15"}
{"level":"debug","message":"🔍 Cache MISS for [homepage_/api/v1/home-page-details/get-all]","service":"nirdc-backend","timestamp":"2026-08-24 10:03:53"}
{"level":"debug","message":"⚡ Cache HIT for [homepage_/api/v1/home-page-details/get-all]","service":"nirdc-backend","timestamp":"2026-08-24 10:03:53"}
{"level":"debug","message":"⚡ Cache HIT for [announcements_/api/v1/announcements/get-by-id/6a82aaef1999ed7d6676ccab]","service":"nirdc-backend","timestamp":"2026-08-24 10:04:56"}
{"level":"debug","message":"⚡ Cache HIT for [announcements_/api/v1/announcements/get-by-id/6a82aaef1999ed7d6676ccab]","service":"nirdc-backend","timestamp":"2026-08-24 10:04:56"}
{"level":"debug","message":"⚡ Cache HIT for [announcements_/api/v1/announcements/get-by-id/6a82aaef1999ed7d6676ccab]","service":"nirdc-backend","timestamp":"2026-08-24 10:04:57"}
{"level":"debug","message":"⚡ Cache HIT for [announcements_/api/v1/announcements/get-by-id/6a82aaef1999ed7d6676ccab]","service":"nirdc-backend","timestamp":"2026-08-24 10:04:57"}
{"level":"debug","message":"🔍 Cache MISS for [announcements_/api/v1/announcements/get-all]","service":"nirdc-backend","timestamp":"2026-08-24 10:05:04"}
{"level":"debug","message":"⚡ Cache HIT for [announcements_/api/v1/announcements/get-all]","service":"nirdc-backend","timestamp":"2026-08-24 10:05:04"}
{"level":"debug","message":"🔍 Cache MISS for [news_/api/v1/news/get-all]","service":"nirdc-backend","timestamp":"2026-08-24 10:05:28"}
{"level":"debug","message":"⚡ Cache HIT for [news_/api/v1/news/get-all]","service":"nirdc-backend","timestamp":"2026-08-24 10:05:28"}
{"level":"debug","message":"🔍 Cache MISS for [news_/api/v1/news/get-all]","service":"nirdc-backend","timestamp":"2026-08-24 10:05:39"}
{"level":"debug","message":"⚡ Cache HIT for [news_/api/v1/news/get-all]","service":"nirdc-backend","timestamp":"2026-08-24 10:05:39"}
{"level":"debug","message":"⚡ Cache HIT for [news_/api/v1/news/get-all]","service":"nirdc-backend","timestamp":"2026-08-24 10:05:41"}
{"level":"debug","message":"⚡ Cache HIT for [announcements_/api/v1/announcements/get-all]","service":"nirdc-backend","timestamp":"2026-08-24 10:05:41"}
{"level":"debug","message":"⚡ Cache HIT for [announcements_/api/v1/announcements/get-all]","service":"nirdc-backend","timestamp":"2026-08-24 10:05:41"}
{"level":"debug","message":"🔍 Cache MISS for [announcements_/api/v1/announcements/get-all]","service":"nirdc-backend","timestamp":"2026-08-24 10:06:00"}
{"level":"debug","message":"⚡ Cache HIT for [announcements_/api/v1/announcements/get-all]","service":"nirdc-backend","timestamp":"2026-08-24 10:06:00"}
{"level":"debug","message":"⚡ Cache HIT for [announcements_/api/v1/announcements/get-all]","service":"nirdc-backend","timestamp":"2026-08-24 10:06:09"}
{"level":"debug","message":"⚡ Cache HIT for [announcements_/api/v1/announcements/get-all]","service":"nirdc-backend","timestamp":"2026-08-24 10:06:09"}
{"level":"debug","message":"🔍 Cache MISS for [announcements_/api/v1/announcements/get-by-id/what-is-lorem-ipsum-announcement]","service":"nirdc-backend","timestamp":"2026-08-24 10:06:12"}
{"level":"debug","message":"⚡ Cache HIT for [announcements_/api/v1/announcements/get-by-id/what-is-lorem-ipsum-announcement]","service":"nirdc-backend","timestamp":"2026-08-24 10:06:12"}
{"level":"debug","message":"⚡ Cache HIT for [announcements_/api/v1/announcements/get-by-id/what-is-lorem-ipsum-announcement]","service":"nirdc-backend","timestamp":"2026-08-24 10:06:25"}
{"level":"debug","message":"⚡ Cache HIT for [announcements_/api/v1/announcements/get-by-id/what-is-lorem-ipsum-announcement]","service":"nirdc-backend","timestamp":"2026-08-24 10:06:25"}
{"level":"debug","message":"⚡ Cache HIT for [announcements_/api/v1/announcements/get-by-id/what-is-lorem-ipsum-announcement]","service":"nirdc-backend","timestamp":"2026-08-24 10:06:47"}
{"level":"debug","message":"🔍 Cache MISS for [announcements_/api/v1/announcements/get-by-id/6a82aaef1999ed7d6676ccab]","service":"nirdc-backend","timestamp":"2026-08-24 10:06:47"}
{"level":"debug","message":"⚡ Cache HIT for [announcements_/api/v1/announcements/get-by-id/what-is-lorem-ipsum-announcement]","service":"nirdc-backend","timestamp":"2026-08-24 10:07:02"}
{"level":"debug","message":"⚡ Cache HIT for [announcements_/api/v1/announcements/get-by-id/what-is-lorem-ipsum-announcement]","service":"nirdc-backend","timestamp":"2026-08-24 10:07:02"}
{"level":"debug","message":"⚡ Cache HIT for [announcements_/api/v1/announcements/get-all]","service":"nirdc-backend","timestamp":"2026-08-24 10:07:03"}
{"level":"debug","message":"⚡ Cache HIT for [announcements_/api/v1/announcements/get-all]","service":"nirdc-backend","timestamp":"2026-08-24 10:07:03"}
{"level":"debug","message":"⚡ Cache HIT for [homepage_/api/v1/home-page-details/get-all]","service":"nirdc-backend","timestamp":"2026-08-24 10:07:16"}
{"level":"debug","message":"⚡ Cache HIT for [homepage_/api/v1/home-page-details/get-all]","service":"nirdc-backend","timestamp":"2026-08-24 10:07:16"}
{"level":"debug","message":"⚡ Cache HIT for [news_/api/v1/news/get-all]","service":"nirdc-backend","timestamp":"2026-08-24 10:07:19"}
{"level":"debug","message":"⚡ Cache HIT for [news_/api/v1/news/get-all]","service":"nirdc-backend","timestamp":"2026-08-24 10:07:19"}
{"level":"debug","message":"⚡ Cache HIT for [homepage_/api/v1/home-page-details/get-all]","service":"nirdc-backend","timestamp":"2026-08-24 10:07:22"}
{"level":"debug","message":"⚡ Cache HIT for [homepage_/api/v1/home-page-details/get-all]","service":"nirdc-backend","timestamp":"2026-08-24 10:07:22"}
